Chromosome,Position Hg19,AscendingDNA change (cDNA)     ,Protein     ,rsIDs,Reference,Alternate,Source,INFO,Annotation,Disease association,Filters - exomes,Filters - genomes,Transcript,HGVS Consequence,Protein Consequence,Transcript Consequence,VEP Annotation,ClinVar Clinical Significance,ClinVar Variation ID,Flags,ALL_AC,ALL_AN,Allele Frequency,Homozygote Count,Hemizygote Count,AFR_AC,AFR_AN,Homozygote Count African/African American,Hemizygote Count African/African American,AMR_AC,AMR_AN,Homozygote Count Latino/Admixed American,Hemizygote Count Latino/Admixed American,ASJ_AC,ASJ_AN,Homozygote Count Ashkenazi Jewish,Hemizygote Count Ashkenazi Jewish,EAS_AC,EAS_AN,Homozygote Count East Asian,Hemizygote Count East Asian,FIN_AC,FIN_AN,Homozygote Count European (Finnish),Hemizygote Count European (Finnish),NFE_AC,NFE_AN,Homozygote Count European (non-Finnish),Hemizygote Count European (non-Finnish),OTH_AC,OTH_AN,Homozygote Count Other,Hemizygote Count Other,SAS_AC,SAS_AN,Homozygote Count South Asian,Hemizygote Count South Asian
9,36233989,c.1003G>A,p.Gly335Arg,rs755743750,C,T,gnomAD Exomes,Pathogenic,missense_variant,Homozygous disease causing,PASS,NA,ENST00000396594.3,p.Gly335Arg,p.Gly335Arg,c.1003G>A,missense_variant,Uncertain significance,554824,,1,251488,3.98E-06,0,0,0,16256,0,0,0,34592,0,0,0,10080,0,0,0,18394,0,0,0,21648,0,0,1,113762,0,0,0,6140,0,0,0,30616,0,0
9,36233982,c.1010G>A,p.Arg337Gln,rs1455785164,C,T,gnomAD Exomes,Pathogenic,missense_variant,Homozygous disease causing,PASS,NA,ENST00000396594.3,p.Arg337Gln,p.Arg337Gln,c.1010G>A,missense_variant,Uncertain significance,498574,,1,251486,3.98E-06,0,0,0,16256,0,0,0,34592,0,0,0,10080,0,0,0,18394,0,0,0,21648,0,0,1,113760,0,0,0,6140,0,0,0,30616,0,0
9,36233937,c.1055G>A,p.Arg352His,rs1234658537,C,T,gnomAD Exomes,Pathogenic,missense_variant,Homozygous disease causing,PASS,NA,ENST00000396594.3,p.Arg352His,p.Arg352His,c.1055G>A,missense_variant,Uncertain significance,2432221,,1,251406,3.98E-06,0,0,0,16256,0,0,1,34592,0,0,0,10080,0,0,0,18394,0,0,0,21646,0,0,0,113688,0,0,0,6134,0,0,0,30616,0,0
9,36229085,c.1096C>T,p.Arg366Trp,rs150132839,G,A,gnomAD Exomes,Pathogenic,missense_variant,Homozygous disease causing,PASS,NA,ENST00000396594.3,p.Arg366Trp,p.Arg366Trp,c.1096C>T,missense_variant,Conflicting interpretations of pathogenicity,281291,,4,251414,1.59E-05,0,0,0,16252,0,0,0,34590,0,0,0,10078,0,0,2,18390,0,0,0,21648,0,0,2,113708,0,0,0,6132,0,0,0,30616,0,0
9,36227441,c.1178G>A,p.Gly393Glu,rs755188930,C,T,gnomAD Exomes,Pathogenic,missense_variant,Homozygous disease causing,PASS,NA,ENST00000396594.3,p.Gly393Glu,p.Gly393Glu,c.1178G>A,missense_variant,Pathogenic,872015,,1,251134,3.98E-06,0,0,0,16190,0,0,0,34582,0,0,0,10070,0,0,0,18390,0,0,0,21648,0,0,1,113528,0,0,0,6122,0,0,0,30604,0,0
9,36227436,c.1183G>A,p.Gly395Arg,rs762981286,C,T,gnomAD Exomes,Pathogenic,missense_variant,Homozygous disease causing,PASS,NA,ENST00000396594.3,p.Gly395Arg,p.Gly395Arg,c.1183G>A,missense_variant,,,,2,251230,7.96E-06,0,0,0,16220,0,0,0,34578,0,0,0,10072,0,0,0,18390,0,0,0,21648,0,0,2,113592,0,0,0,6126,0,0,0,30604,0,0
9,36223499,c.1375G>A,p.Gly459Ser,rs767409392,C,T,gnomAD Exomes,Pathogenic,missense_variant,Homozygous disease causing,PASS,NA,ENST00000396594.3,p.Gly459Ser,p.Gly459Ser,c.1375G>A,missense_variant,Uncertain significance,1445085,,1,251080,3.98E-06,0,0,0,16086,0,0,0,34554,0,0,0,10078,0,0,0,18394,0,0,0,21622,0,0,1,113628,0,0,0,6106,0,0,0,30612,0,0
9,36223480,c.1394A>G,p.Tyr465Cys,rs1447770049,T,C,gnomAD Exomes,Pathogenic,missense_variant,Homozygous disease causing,PASS,NA,ENST00000396594.3,p.Tyr465Cys,p.Tyr465Cys,c.1394A>G,missense_variant,Uncertain significance,499709,,1,251284,3.98E-06,0,0,0,16186,0,0,0,34574,0,0,0,10078,0,0,0,18394,0,0,1,21632,0,0,0,113688,0,0,0,6120,0,0,0,30612,0,0
9,36222882,c.1618C>T,p.His540Tyr,rs754892377,G,A,gnomAD Exomes,Pathogenic,missense_variant,Homozygous disease causing,PASS,NA,ENST00000396594.3,p.His540Tyr,p.His540Tyr,c.1618C>T,missense_variant,Likely pathogenic,553974,,2,251490,7.95E-06,0,0,0,16256,0,0,0,34592,0,0,0,10080,0,0,2,18394,0,0,0,21648,0,0,0,113764,0,0,0,6140,0,0,0,30616,0,0
9,36222875,c.1625C>A,p.Pro542His,rs1414079876,G,T,gnomAD Exomes,Pathogenic,missense_variant,Homozygous disease causing,PASS,NA,ENST00000396594.3,p.Pro542His,p.Pro542His,c.1625C>A,missense_variant,,,mnv,1,251494,3.98E-06,0,0,0,16256,0,0,0,34592,0,0,0,10080,0,0,0,18394,0,0,0,21648,0,0,1,113768,0,0,0,6140,0,0,0,30616,0,0
9,36222875,c.1625C>T,p.Pro542Leu,rs1414079876,G,A,gnomAD Exomes,Pathogenic,missense_variant,Homozygous disease causing,PASS,NA,ENST00000396594.3,p.Pro542Leu,p.Pro542Leu,c.1625C>T,missense_variant,Uncertain significance,551184,,1,251494,3.98E-06,0,0,0,16256,0,0,0,34592,0,0,0,10080,0,0,0,18394,0,0,0,21648,0,0,1,113768,0,0,0,6140,0,0,0,30616,0,0
9,36222836,c.1664C>T,p.Ala555Val,rs764698870,G,A,gnomAD Exomes,Pathogenic,missense_variant,Homozygous disease causing,PASS,NA,ENST00000396594.3,p.Ala555Val,p.Ala555Val,c.1664C>T,missense_variant,Pathogenic/Likely pathogenic,424619,,12,251492,4.77E-05,0,0,0,16256,0,0,4,34592,0,0,0,10080,0,0,4,18394,0,0,0,21646,0,0,4,113768,0,0,0,6140,0,0,0,30616,0,0
9,36222824,c.1676T>G,p.Phe559Cys,rs986773986,A,C,gnomAD Exomes,Pathogenic,missense_variant,Homozygous disease causing,PASS,NA,ENST00000396594.3,p.Phe559Cys,p.Phe559Cys,c.1676T>G,missense_variant,Conflicting interpretations of pathogenicity,497075,,1,251494,3.98E-06,0,0,0,16256,0,0,0,34592,0,0,0,10080,0,0,0,18394,0,0,0,21648,0,0,1,113768,0,0,0,6140,0,0,0,30616,0,0
9,36249274,c.172C>T,p.Pro58Ser,,G,A,gnomAD Exomes,Pathogenic,missense_variant,Homozygous disease causing,PASS,NA,ENST00000396594.3,p.Pro58Ser,p.Pro58Ser,c.172C>T,missense_variant,Pathogenic,464102,,1,251478,3.98E-06,0,0,1,16254,0,0,0,34592,0,0,0,10080,0,0,0,18394,0,0,0,21648,0,0,0,113756,0,0,0,6140,0,0,0,30614,0,0
9,36219935,c.1806_1808del,p.Val603del,rs1294027346,CACA,C,gnomAD Exomes,Pathogenic,inframe_deletion,Homozygous disease causing,PASS,NA,ENST00000396594.3,p.Val603del,p.Val603del,c.1806_1808delTGT,inframe_deletion,Pathogenic/Likely pathogenic,503710,,1,251488,3.98E-06,0,0,0,16256,0,0,1,34592,0,0,0,10080,0,0,0,18394,0,0,0,21646,0,0,0,113766,0,0,0,6138,0,0,0,30616,0,0
9,36219937,c.1807G>C,p.Val603Leu,rs121908632,C,G,gnomAD Exomes,Pathogenic,missense_variant,Homozygous disease causing,PASS,NA,ENST00000396594.3,p.Val603Leu,p.Val603Leu,c.1807G>C,missense_variant,Pathogenic,6033,,4,251490,1.59E-05,0,0,0,16256,0,0,0,34592,0,0,0,10080,0,0,4,18394,0,0,0,21648,0,0,0,113766,0,0,0,6138,0,0,0,30616,0,0
9,36219924,c.1820G>A,p.Gly607Glu,rs121908625,C,T,gnomAD Exomes,Pathogenic,missense_variant,Homozygous disease causing,PASS,NA,ENST00000396594.3,p.Gly607Glu,p.Gly607Glu,c.1820G>A,missense_variant,Pathogenic,6026,,2,251486,7.95E-06,0,0,1,16256,0,0,1,34592,0,0,0,10080,0,0,0,18394,0,0,0,21646,0,0,0,113764,0,0,0,6138,0,0,0,30616,0,0
9,36219909,c.1835G>T,p.Cys612Phe,rs756926638,C,A,gnomAD Exomes,Pathogenic,missense_variant,Homozygous disease causing,PASS,NA,ENST00000396594.3,p.Cys612Phe,p.Cys612Phe,c.1835G>T,missense_variant,Uncertain significance,497836,,1,251488,3.98E-06,0,0,0,16256,0,0,0,34592,0,0,0,10080,0,0,0,18394,0,0,0,21646,0,0,1,113766,0,0,0,6138,0,0,0,30616,0,0
9,36219891,c.1853T>C,p.Ile618Thr,rs748949603,A,G,gnomAD Exomes,Pathogenic,missense_variant,Homozygous disease causing,PASS,NA,ENST00000396594.3,p.Ile618Thr,p.Ile618Thr,c.1853T>C,missense_variant,Pathogenic,188882,,1,251492,3.98E-06,0,0,0,16256,0,0,0,34592,0,0,0,10080,0,0,0,18394,0,0,0,21648,0,0,0,113768,0,0,1,6138,0,0,0,30616,0,0
9,36219880,c.1864G>A,p.Ala622Thr,rs752286512,C,T,gnomAD Exomes,Pathogenic,missense_variant,Homozygous disease causing,PASS,NA,ENST00000396594.3,p.Ala622Thr,p.Ala622Thr,c.1864G>A,missense_variant,Uncertain significance,498575,,2,251484,7.95E-06,0,0,0,16256,0,0,0,34592,0,0,0,10080,0,0,0,18394,0,0,0,21648,0,0,2,113760,0,0,0,6138,0,0,0,30616,0,0
9,36219844,c.1900C>T,p.Leu634Phe,rs372732220,G,A,gnomAD Exomes,Pathogenic,missense_variant,Homozygous disease causing,PASS,NA,ENST00000396594.3,p.Leu634Phe,p.Leu634Phe,c.1900C>T,missense_variant,Conflicting interpretations of pathogenicity,283229,,2,251450,7.95E-06,0,0,0,16256,0,0,0,34592,0,0,0,10078,0,0,0,18394,0,0,0,21642,0,0,2,113734,0,0,0,6138,0,0,0,30616,0,0
9,36218288,c.1918C>T,p.Leu640Phe,rs1259888431,G,A,gnomAD Exomes,Pathogenic,missense_variant,Homozygous disease causing,PASS,NA,ENST00000396594.3,p.Leu640Phe,p.Leu640Phe,c.1918C>T,missense_variant,,,,1,251410,3.98E-06,0,0,0,16256,0,0,0,34590,0,0,0,10080,0,0,0,18394,0,0,0,21626,0,0,0,113708,0,0,0,6140,0,0,1,30616,0,0
9,36218248,c.1958T>G,p.Val653Gly,rs764167242,A,C,gnomAD Exomes,Pathogenic,missense_variant,Homozygous disease causing,PASS,NA,ENST00000396594.3,p.Val653Gly,p.Val653Gly,c.1958T>G,missense_variant,,,,1,251472,3.98E-06,0,0,0,16256,0,0,0,34592,0,0,0,10078,0,0,0,18394,0,0,0,21644,0,0,1,113752,0,0,0,6140,0,0,0,30616,0,0
9,36249250,c.196G>A,p.Glu66Lys,rs758157078,C,T,gnomAD Exomes,Pathogenic,missense_variant,Homozygous disease causing,PASS,NA,ENST00000396594.3,p.Glu66Lys,p.Glu66Lys,c.196G>A,missense_variant,Uncertain significance,597097,,3,251480,1.19E-05,0,0,0,16256,0,0,0,34592,0,0,0,10080,0,0,0,18394,0,0,0,21648,0,0,3,113758,0,0,0,6140,0,0,0,30612,0,0
9,36218225,c.1981G>A,p.Ala661Thr,rs1382191649,C,T,gnomAD Exomes,Pathogenic,missense_variant,Homozygous disease causing,PASS,NA,ENST00000396594.3,p.Ala661Thr,p.Ala661Thr,c.1981G>A,missense_variant,,,,1,251478,3.98E-06,0,0,0,16256,0,0,0,34592,0,0,0,10080,0,0,0,18394,0,0,0,21642,0,0,1,113758,0,0,0,6140,0,0,0,30616,0,0
9,36217526,c.2098G>A,p.Gly700Arg,rs776384541,C,T,gnomAD Exomes,Pathogenic,missense_variant,Homozygous disease causing,PASS,NA,ENST00000396594.3,p.Gly700Arg,p.Gly700Arg,c.2098G>A,missense_variant,Conflicting interpretations of pathogenicity,290224,,5,251470,1.99E-05,0,0,0,16254,0,0,3,34590,0,0,1,10080,0,0,0,18394,0,0,0,21648,0,0,1,113748,0,0,0,6140,0,0,0,30616,0,0
9,36217525,c.2099G>A,p.Gly700Glu,rs1408011573,C,T,gnomAD Exomes,Pathogenic,missense_variant,Homozygous disease causing,PASS,NA,ENST00000396594.3,p.Gly700Glu,p.Gly700Glu,c.2099G>A,missense_variant,,,,1,251472,3.98E-06,0,0,0,16254,0,0,0,34590,0,0,0,10080,0,0,0,18394,0,0,0,21648,0,0,1,113750,0,0,0,6140,0,0,0,30616,0,0
9,36217508,c.2116T>C,p.Tyr706His,rs1191857860,A,G,gnomAD Exomes,Pathogenic,missense_variant,Homozygous disease causing,PASS,NA,ENST00000396594.3,p.Tyr706His,p.Tyr706His,c.2116T>C,missense_variant,Pathogenic,861130,,3,251474,1.19E-05,0,0,0,16254,0,0,0,34590,0,0,0,10080,0,0,0,18394,0,0,0,21648,0,0,2,113752,0,0,1,6140,0,0,0,30616,0,0
9,36217495,c.2129T>G,p.Val710Gly,rs1436497533,A,C,gnomAD Exomes,Pathogenic,missense_variant,Homozygous disease causing,PASS,NA,ENST00000396594.3,p.Val710Gly,p.Val710Gly,c.2129T>G,missense_variant,,,,1,251472,3.98E-06,0,0,0,16254,0,0,0,34590,0,0,0,10080,0,0,0,18394,0,0,0,21648,0,0,1,113754,0,0,0,6140,0,0,0,30612,0,0
9,36217435,c.2189C>T,p.Ser730Leu,rs552758282,G,A,gnomAD Exomes,Pathogenic,missense_variant,Homozygous disease causing,PASS,NA,ENST00000396594.3,p.Ser730Leu,p.Ser730Leu,c.2189C>T,missense_variant,Conflicting interpretations of pathogenicity,632044,,2,251430,7.95E-06,0,0,1,16252,0,0,1,34586,0,0,0,10076,0,0,0,18394,0,0,0,21644,0,0,0,113728,0,0,0,6134,0,0,0,30616,0,0
9,36217396,c.2228T>C,p.Met743Thr,rs28937594,A,G,gnomAD Exomes,Pathogenic,missense_variant,Homozygous disease causing,PASS,NA,ENST00000396594.3,p.Met743Thr,p.Met743Thr,c.2228T>C,missense_variant,Pathogenic,6025,,10,251286,3.98E-05,0,0,0,16224,0,0,0,34572,0,0,0,10078,0,0,0,18394,0,0,0,21630,0,0,3,113650,0,0,6,6126,0,0,1,30612,0,0
9,36246487,c.258-8G>A,IVS2 as G-A -8,rs918998080,C,T,gnomAD Exomes,Pathogenic,splice_region_variant,Homozygous disease causing,PASS,NA,ENST00000396594.3,c.258-8G>A,,c.258-8G>A,splice_region_variant,Uncertain significance,619300,,1,246274,4.06E-06,0,0,0,15228,0,0,0,34486,0,0,0,9958,0,0,0,18308,0,0,0,21486,0,0,1,110272,0,0,0,6058,0,0,0,30478,0,0
9,36246466,c.271A>G,p.Met91Val,rs770405092,T,G,gnomAD Exomes,Pathogenic,start_lost,Homozygous disease causing,PASS,NA,ENST00000539208.1,p.Met1?,p.Met1?,c.1A>C,start_lost,,,,1,247844,4.03E-06,0,0,0,15434,0,0,0,34546,0,0,0,9996,0,0,0,18332,0,0,0,21628,0,0,0,111244,0,0,0,6086,0,0,1,30578,0,0
9,36246406,c.331G>T,p.Asp111Tyr,rs1438121702,C,A,gnomAD Exomes,Pathogenic,missense_variant,Homozygous disease causing,PASS,NA,ENST00000396594.3,p.Asp111Tyr,p.Asp111Tyr,c.331G>T,missense_variant,,,,1,250522,3.99E-06,0,0,0,16124,0,0,0,34576,0,0,0,10022,0,0,0,18384,0,0,0,21598,0,0,1,113138,0,0,0,6114,0,0,0,30566,0,0
9,36246397,c.340G>A,p.Ala114Thr,rs1482972274,C,T,gnomAD Exomes,Pathogenic,missense_variant,Homozygous disease causing,PASS,NA,ENST00000396594.3,p.Ala114Thr,p.Ala114Thr,c.340G>A,missense_variant,Uncertain significance,1347714,,1,250630,3.99E-06,0,0,0,16206,0,0,1,34560,0,0,0,10030,0,0,0,18390,0,0,0,21606,0,0,0,113198,0,0,0,6112,0,0,0,30528,0,0
9,36246343,c.394C>T,p.Arg132Cys,rs148523065,G,A,gnomAD Exomes,Pathogenic,missense_variant,Homozygous disease causing,PASS,NA,ENST00000396594.3,p.Arg132Cys,p.Arg132Cys,c.394C>T,missense_variant,Conflicting interpretations of pathogenicity,554909,,3,251220,1.19E-05,0,0,0,16254,0,0,0,34592,0,0,0,10070,0,0,1,18394,0,0,0,21626,0,0,2,113546,0,0,0,6128,0,0,0,30610,0,0
9,36246342,c.395G>A,p.Arg132His,rs144727134,C,T,gnomAD Exomes,Pathogenic,missense_variant,Homozygous disease causing,PASS,NA,ENST00000396594.3,p.Arg132His,p.Arg132His,c.395G>A,missense_variant,Conflicting interpretations of pathogenicity,1303134,,2,251206,7.96E-06,0,0,1,16254,0,0,0,34588,0,0,0,10070,0,0,1,18394,0,0,0,21628,0,0,0,113540,0,0,0,6124,0,0,0,30608,0,0
9,36246327,c.410T>C,p.Ile137Thr,rs773920008,A,G,gnomAD Exomes,Pathogenic,missense_variant,Homozygous disease causing,PASS,NA,ENST00000396594.3,p.Ile137Thr,p.Ile137Thr,c.410T>C,missense_variant,Uncertain significance,288301,,1,251294,3.98E-06,0,0,0,16254,0,0,1,34588,0,0,0,10074,0,0,0,18394,0,0,0,21640,0,0,0,113606,0,0,0,6128,0,0,0,30610,0,0
9,36246258,c.479G>A,p.Arg160Gln,rs748704459,C,T,gnomAD Exomes,Pathogenic,missense_variant,Homozygous disease causing,PASS,NA,ENST00000396594.3,p.Arg160Gln,p.Arg160Gln,c.479G>A,missense_variant,Pathogenic/Likely pathogenic,189156,,1,251360,3.98E-06,0,0,0,16256,0,0,0,34590,0,0,0,10078,0,0,0,18394,0,0,0,21648,0,0,1,113640,0,0,0,6138,0,0,0,30616,0,0
9,36246246,c.491T>C,p.Ile164Thr,rs777361471,A,G,gnomAD Exomes,Pathogenic,missense_variant,Homozygous disease causing,PASS,NA,ENST00000396594.3,p.Ile164Thr,p.Ile164Thr,c.491T>C,missense_variant,,,,3,251398,1.19E-05,0,0,0,16256,0,0,0,34592,0,0,0,10076,0,0,0,18394,0,0,0,21648,0,0,3,113680,0,0,0,6136,0,0,0,30616,0,0
9,36246196,c.541A>T,p.Ile181Leu,rs758814313,T,A,gnomAD Exomes,Pathogenic,missense_variant,Homozygous disease causing,PASS,NA,ENST00000396594.3,p.Ile181Leu,p.Ile181Leu,c.541A>T,missense_variant,,,,1,251398,3.98E-06,0,0,0,16256,0,0,0,34592,0,0,0,10076,0,0,0,18394,0,0,0,21648,0,0,0,113676,0,0,0,6140,0,0,1,30616,0,0
9,36246178,c.559T>C,p.Tyr187His,rs794727505,A,G,gnomAD Exomes,Pathogenic,missense_variant,Homozygous disease causing,PASS,NA,ENST00000396594.3,p.Tyr187His,p.Tyr187His,c.559T>C,missense_variant,Conflicting interpretations of pathogenicity,196410,,2,251394,7.96E-06,0,0,0,16256,0,0,0,34592,0,0,0,10076,0,0,0,18394,0,0,0,21648,0,0,0,113672,0,0,0,6140,0,0,2,30616,0,0
9,36246160,c.577C>T,p.Arg193Cys,rs769215411,G,A,gnomAD Exomes,Pathogenic,missense_variant,Homozygous disease causing,PASS,NA,ENST00000396594.3,p.Arg193Cys,p.Arg193Cys,c.577C>T,missense_variant,Pathogenic/Likely pathogenic,290196,,3,251340,1.19E-05,0,0,0,16256,0,0,0,34590,0,0,0,10072,0,0,0,18394,0,0,0,21646,0,0,3,113630,0,0,0,6136,0,0,0,30616,0,0
9,36246115,c.622C>T,p.Arg208Cys,rs539332585,G,A,gnomAD Exomes,Pathogenic,missense_variant,Homozygous disease causing,PASS,NA,ENST00000396594.3,p.Arg208Cys,p.Arg208Cys,c.622C>T,missense_variant,Likely pathogenic,553400,,3,251292,1.19E-05,0,0,2,16256,0,0,0,34584,0,0,0,10070,0,0,0,18394,0,0,0,21636,0,0,1,113606,0,0,0,6132,0,0,0,30614,0,0
9,36246087,c.650A>G,p.Tyr217Cys,rs747496165,T,C,gnomAD Exomes,Pathogenic,missense_variant,Homozygous disease causing,PASS,NA,ENST00000396594.3,p.Tyr217Cys,p.Tyr217Cys,c.650A>G,missense_variant,Likely pathogenic,2440544,,2,251308,7.96E-06,0,0,0,16256,0,0,1,34584,0,0,0,10074,0,0,0,18394,0,0,0,21638,0,0,0,113620,0,0,0,6128,0,0,1,30614,0,0
9,36246046,c.691A>T,p.Ile231Phe,rs369328625,T,A,gnomAD Exomes,Pathogenic,missense_variant,Homozygous disease causing,PASS,NA,ENST00000396594.3,p.Ile231Phe,p.Ile231Phe,c.691A>T,missense_variant,Conflicting interpretations of pathogenicity,558623,,9,251334,3.58E-05,0,0,0,16256,0,0,2,34590,0,0,0,10076,0,0,0,18394,0,0,0,21588,0,0,6,113684,0,0,1,6130,0,0,0,30616,0,0
9,36246039,c.698G>T,p.Arg233Leu,rs752650334,C,A,gnomAD Exomes,Pathogenic,missense_variant,Homozygous disease causing,PASS,NA,ENST00000396594.3,p.Arg233Leu,p.Arg233Leu,c.698G>T,missense_variant,,,,1,251240,3.98E-06,0,0,0,16256,0,0,0,34590,0,0,0,10076,0,0,0,18392,0,0,0,21514,0,0,1,113668,0,0,0,6128,0,0,0,30616,0,0
9,36246028,c.709G>A,p.Gly237Ser,rs766266918,C,T,gnomAD Exomes,Pathogenic,missense_variant,Homozygous disease causing,PASS,NA,ENST00000396594.3,p.Gly237Ser,p.Gly237Ser,c.709G>A,missense_variant,Conflicting interpretations of pathogenicity,497177,,1,251138,3.98E-06,0,0,0,16256,0,0,0,34590,0,0,0,10078,0,0,0,18394,0,0,0,21418,0,0,1,113658,0,0,0,6128,0,0,0,30616,0,0
9,36236982,c.710-1G>A,,rs1256419231,C,T,gnomAD Exomes,Pathogenic,splice_acceptor_variant,Homozygous disease causing,PASS,NA,ENST00000396594.3,c.710-1G>A,,c.710-1G>A,splice_acceptor_variant,Likely pathogenic,1067045,,1,251088,3.98E-06,0,0,0,16244,0,0,0,34540,0,0,0,10070,0,0,0,18390,0,0,0,21596,0,0,1,113536,0,0,0,6120,0,0,0,30592,0,0
9,36236927,c.764C>T,p.Thr255Ile,rs750253826,G,A,gnomAD Exomes,Pathogenic,missense_variant,Homozygous disease causing,PASS,NA,ENST00000396594.3,p.Thr255Ile,p.Thr255Ile,c.764C>T,missense_variant,,,,3,251372,1.19E-05,0,0,0,16252,0,0,0,34574,0,0,0,10078,0,0,0,18392,0,0,0,21636,0,0,3,113698,0,0,0,6130,0,0,0,30612,0,0
9,36236876,c.815T>G,p.Ile272Ser,rs759945787,A,C,gnomAD Exomes,Pathogenic,missense_variant,Homozygous disease causing,PASS,NA,ENST00000396594.3,p.Ile272Ser,p.Ile272Ser,c.815T>G,missense_variant,Conflicting interpretations of pathogenicity,552257,,2,251438,7.95E-06,0,0,0,16256,0,0,0,34590,0,0,0,10078,0,0,1,18394,0,0,0,21642,0,0,1,113730,0,0,0,6134,0,0,0,30614,0,0
9,36236861,c.830G>A,p.Arg277Gln,rs121908629,C,T,gnomAD Exomes,Pathogenic,missense_variant,Homozygous disease causing,PASS,NA,ENST00000396594.3,p.Arg277Gln,p.Arg277Gln,c.830G>A,missense_variant,Pathogenic/Likely pathogenic,6030,,7,251416,2.78E-05,0,0,0,16254,0,0,0,34584,0,0,1,10078,0,0,2,18394,0,0,0,21638,0,0,4,113722,0,0,0,6132,0,0,0,30614,0,0
9,36236850,c.841C>A,p.Leu281Met,rs886042585,G,T,gnomAD Exomes,Pathogenic,missense_variant,Homozygous disease causing,PASS,NA,ENST00000396594.3,p.Leu281Met,p.Leu281Met,c.841C>A,missense_variant,Uncertain significance,283249,,1,251416,3.98E-06,0,0,0,16254,0,0,0,34588,0,0,0,10078,0,0,0,18394,0,0,0,21628,0,0,1,113730,0,0,0,6130,0,0,0,30614,0,0
9,36236832,c.859G>A,p.Ala287Thr,rs375740268,C,T,gnomAD Exomes,Pathogenic,missense_variant,Homozygous disease causing,PASS,NA,ENST00000396594.3,p.Ala287Thr,p.Ala287Thr,c.859G>A,missense_variant,Uncertain significance,1308372,,2,251376,7.96E-06,0,0,0,16250,0,0,0,34586,0,0,0,10078,0,0,0,18394,0,0,0,21610,0,0,2,113716,0,0,0,6128,0,0,0,30614,0,0
9,36234070,c.922C>T,p.Arg308Cys,rs762106720,G,A,gnomAD Exomes,Pathogenic,missense_variant,Homozygous disease causing,PASS,NA,ENST00000396594.3,p.Arg308Cys,p.Arg308Cys,c.922C>T,missense_variant,Pathogenic/Likely pathogenic,188847,,5,251480,1.99E-05,0,0,0,16256,0,0,0,34592,0,0,0,10080,0,0,2,18394,0,0,0,21648,0,0,1,113758,0,0,0,6136,0,0,2,30616,0,0
9,36234009,c.983T>C,p.Met328Thr,rs778668749,A,G,gnomAD Exomes,Pathogenic,missense_variant,Homozygous disease causing,PASS,NA,ENST00000396594.3,p.Met328Thr,p.Met328Thr,c.983T>C,missense_variant,Uncertain significance,598330,,1,251484,3.98E-06,0,0,0,16256,0,0,0,34590,0,0,0,10080,0,0,0,18394,0,0,0,21648,0,0,0,113760,0,0,0,6140,0,0,1,30616,0,0
9,36234006,c.986T>C,p.Ile329Thr,rs757091387,A,G,gnomAD Exomes,Pathogenic,missense_variant,Homozygous disease causing,PASS,NA,ENST00000396594.3,p.Ile329Thr,p.Ile329Thr,c.986T>C,missense_variant,Pathogenic/Likely pathogenic,498387,,2,251486,7.95E-06,0,0,0,16256,0,0,0,34592,0,0,0,10080,0,0,0,18394,0,0,1,21648,0,0,1,113760,0,0,0,6140,0,0,0,30616,0,0
9,36229070,c.1111C>T,p.Gln371*,rs983424324,G,A,gnomAD Exomes,Pathogenic,stop_gained,Homozygous embryonic lethal,PASS,NA,ENST00000396594.3,p.Gln371Ter,p.Gln371Ter,c.1111C>T,stop_gained,Pathogenic,1388859,,1,251440,3.98E-06,0,0,1,16256,0,0,0,34592,0,0,0,10080,0,0,0,18390,0,0,0,21648,0,0,0,113724,0,0,0,6134,0,0,0,30616,0,0
9,36229040,c.1141C>T,p.Gln381*,rs1276168825,G,A,gnomAD Exomes,Pathogenic,stop_gained,Homozygous embryonic lethal,PASS,NA,ENST00000396594.3,p.Gln381Ter,p.Gln381Ter,c.1141C>T,stop_gained,Pathogenic,1453995,,1,251446,3.98E-06,0,0,0,16256,0,0,1,34592,0,0,0,10080,0,0,0,18394,0,0,0,21648,0,0,0,113728,0,0,0,6134,0,0,0,30614,0,0
9,36249331,c.115C>T,p.Arg39*,rs766420673,G,A,gnomAD Exomes,Pathogenic,stop_gained,Homozygous embryonic lethal,PASS,NA,ENST00000396594.3,p.Arg39Ter,p.Arg39Ter,c.115C>T,stop_gained,Pathogenic/Likely pathogenic,552994,,2,251278,7.96E-06,0,0,0,16252,0,0,0,34572,0,0,0,10072,0,0,0,18392,0,0,0,21648,0,0,2,113600,0,0,0,6132,0,0,0,30610,0,0
9,36227395,c.1223delT,p.Ile408Thrfs*16,rs764041731,GA,G,gnomAD Exomes,Pathogenic,frameshift_variant,Homozygous embryonic lethal,PASS,NA,ENST00000396594.3,p.Ile408ThrfsTer16,p.Ile408ThrfsTer16,c.1223delT,frameshift_variant,Pathogenic,956608,,4,251390,1.59E-05,0,0,0,16246,0,0,0,34586,0,0,0,10076,0,0,0,18388,0,0,0,21648,0,0,4,113696,0,0,0,6134,0,0,0,30616,0,0
9,36227268,c.1351C>T,p.Arg451*,rs747199032,G,A,gnomAD Exomes,Pathogenic,stop_gained,Homozygous embryonic lethal,PASS,NA,ENST00000396594.3,p.Arg451Ter,p.Arg451Ter,c.1351C>T,stop_gained,Pathogenic,552288,,4,251452,1.59E-05,0,0,0,16254,0,0,0,34592,0,0,0,10078,0,0,0,18394,0,0,0,21648,0,0,4,113732,0,0,0,6140,0,0,0,30614,0,0
9,36223475,c.1399C>T,p.Gln467*,rs786204558,G,A,gnomAD Exomes,Pathogenic,stop_gained,Homozygous embryonic lethal,PASS,NA,ENST00000396594.3,p.Gln467Ter,p.Gln467Ter,c.1399C>T,stop_gained,Pathogenic/Likely pathogenic,188916,,1,251322,3.98E-06,0,0,0,16208,0,0,0,34578,0,0,0,10080,0,0,1,18394,0,0,0,21636,0,0,0,113694,0,0,0,6120,0,0,0,30612,0,0
9,36222989,c.1510del,p.Ser504Profs*6,rs1057516965,GA,G,gnomAD Exomes,Pathogenic,frameshift_variant,Homozygous embryonic lethal,PASS,NA,ENST00000396594.3,p.Ser504ProfsTer6,p.Ser504ProfsTer6,c.1510delT,frameshift_variant,Likely pathogenic,371049,,1,251374,3.98E-06,0,0,0,16252,0,0,0,34590,0,0,0,10074,0,0,0,18394,0,0,0,21648,0,0,1,113664,0,0,0,6136,0,0,0,30616,0,0
9,36222868,c.1632G>A,p.Trp544*,,C,T,gnomAD Exomes,Pathogenic,stop_gained,Homozygous embryonic lethal,PASS,NA,ENST00000396594.3,p.Trp544Ter,p.Trp544Ter,c.1632G>A,stop_gained,Pathogenic,2195084,,1,251492,3.98E-06,0,0,0,16256,0,0,0,34592,0,0,0,10080,0,0,0,18394,0,0,0,21648,0,0,1,113766,0,0,0,6140,0,0,0,30616,0,0
9,36219857,c.1885_1886dup,p.Glu630Glyfs*45,rs1436850036,C,CCT,gnomAD Exomes,Pathogenic,frameshift_variant,Homozygous embryonic lethal,PASS,NA,ENST00000396594.3,p.Glu630GlyfsTer45,p.Glu630GlyfsTer45,c.1885_1886dupAG,frameshift_variant,Pathogenic,597827,,1,251470,3.98E-06,0,0,0,16256,0,0,0,34588,0,0,0,10080,0,0,0,18394,0,0,0,21646,0,0,1,113752,0,0,0,6138,0,0,0,30616,0,0
9,36218198,c.2008C>T,p.Gln670*,rs886042195,G,A,gnomAD Exomes,Pathogenic,stop_gained,Homozygous embryonic lethal,PASS,NA,ENST00000396594.3,p.Gln670Ter,p.Gln670Ter,c.2008C>T,stop_gained,Pathogenic/Likely pathogenic,281593,,1,251478,3.98E-06,0,0,0,16256,0,0,0,34592,0,0,0,10080,0,0,0,18394,0,0,0,21644,0,0,1,113756,0,0,0,6140,0,0,0,30616,0,0
9,36246469,c.268C>T,p.Arg90*,rs745517517,G,A,gnomAD Exomes,Pathogenic,stop_gained,Homozygous embryonic lethal,PASS,NA,ENST00000396594.3,p.Arg90Ter,p.Arg90Ter,c.268C>T,stop_gained,Pathogenic,285936,,7,247576,2.83E-05,0,0,0,15396,0,0,1,34536,0,0,0,9986,0,0,0,18328,0,0,0,21612,0,0,6,111070,0,0,0,6088,0,0,0,30560,0,0
9,36246255,c.481del,p.Ile161Serfs*21,rs1423445315,AT,A,gnomAD Exomes,Pathogenic,frameshift_variant,Homozygous embryonic lethal,PASS,NA,ENST00000396594.3,p.Ile161SerfsTer21,p.Ile161SerfsTer21,c.481delA,frameshift_variant,Pathogenic/Likely pathogenic,552473,,1,251382,3.98E-06,0,0,0,16256,0,0,1,34592,0,0,0,10078,0,0,0,18394,0,0,0,21648,0,0,0,113662,0,0,0,6136,0,0,0,30616,0,0
9,36246039,c.694_697dup,p.Arg233Hisfs*7,rs752650334,C,CGAAT,gnomAD Exomes,Pathogenic,frameshift_variant,Homozygous embryonic lethal,PASS,NA,ENST00000396594.3,p.Arg233HisfsTer7,p.Arg233HisfsTer7,c.694_697dupATTC,frameshift_variant,Pathogenic,496957,,1,251240,3.98E-06,0,0,0,16256,0,0,0,34590,0,0,0,10076,0,0,0,18392,0,0,0,21514,0,0,1,113668,0,0,0,6128,0,0,0,30616,0,0
9,36236943,c.748C>T,p.Gln250*,rs1057516906,G,A,gnomAD Exomes,Pathogenic,stop_gained,Homozygous embryonic lethal,PASS,NA,ENST00000396594.3,p.Gln250Ter,p.Gln250Ter,c.748C>T,stop_gained,Likely pathogenic,370972,,1,251342,3.98E-06,0,0,0,16252,0,0,0,34568,0,0,0,10078,0,0,0,18392,0,0,0,21640,0,0,1,113672,0,0,0,6130,0,0,0,30610,0,0
9,36249367,c.79C>T,p.Arg27*,rs794727279,G,A,gnomAD Exomes,Pathogenic,stop_gained,Homozygous embryonic lethal,PASS,NA,ENST00000396594.3,p.Arg27Ter,p.Arg27Ter,c.79C>T,stop_gained,Conflicting interpretations of pathogenicity,195244,,1,250480,3.99E-06,0,0,0,16184,0,0,0,34496,0,0,0,10038,0,0,0,18380,0,0,0,21638,0,0,0,113096,0,0,0,6108,0,0,1,30540,0,0
9,36234112,c.880C>T,p.Arg294*,rs200643106,G,A,gnomAD Exomes,Pathogenic,stop_gained,Homozygous embryonic lethal,PASS,NA,ENST00000396594.3,p.Arg294Ter,p.Arg294Ter,c.880C>T,stop_gained,Pathogenic,966732,,1,251444,3.98E-06,0,0,0,16256,0,0,1,34592,0,0,0,10080,0,0,0,18394,0,0,0,21648,0,0,0,113722,0,0,0,6136,0,0,0,30616,0,0
9,36234034,c.958C>T,p.Gln320*,rs775446242,G,A,gnomAD Exomes,Pathogenic,stop_gained,Homozygous embryonic lethal,PASS,NA,ENST00000396594.3,p.Gln320Ter,p.Gln320Ter,c.958C>T,stop_gained,,,,1,251482,3.98E-06,0,0,0,16256,0,0,0,34592,0,0,0,10080,0,0,0,18394,0,0,0,21646,0,0,1,113758,0,0,0,6140,0,0,0,30616,0,0
9,36249349,c.97G>T,p.Glu33*,rs886044514,C,A,gnomAD Exomes,Pathogenic,stop_gained,Homozygous embryonic lethal,PASS,NA,ENST00000396594.3,p.Glu33Ter,p.Glu33Ter,c.97G>T,stop_gained,Pathogenic/Likely pathogenic,290631,,1,251022,3.98E-06,0,0,0,16228,0,0,0,34548,0,0,0,10064,0,0,0,18390,0,0,0,21646,0,0,0,113444,0,0,0,6122,0,0,1,30580,0,0
9,36227445,c.1174T>C,p.Tyr392His,rs1192630467,A,G,gnomAD Genomes,Pathogenic,missense_variant,Homozygous disease causing,NA,PASS,ENST00000396594.3,p.Tyr392His,p.Tyr392His,c.1174T>C,missense_variant,Uncertain significance,568002,,1,31404,3.18E-05,0,0,0,8716,0,0,0,848,0,0,0,290,0,0,0,1560,0,0,0,3474,0,0,1,15428,0,0,0,1088,0,0,0,30616,0,0
9,36227394,c.1225G>T,p.Asp409Tyr,rs199877522,C,A,"gnomAD Exomes,gnomAD Genomes",Pathogenic,missense_variant,Homozygous disease causing,PASS,PASS,ENST00000396594.3,p.Asp409Tyr,p.Asp409Tyr,c.1225G>T,missense_variant,Conflicting interpretations of pathogenicity,283278,,45,282778,0.000159135,0,0,3,24946,0,0,0,35434,0,0,0,10368,0,0,0,19952,0,0,0,25114,0,0,42,129128,0,0,0,7220,0,0,0,30616,0,0
9,36249321,c.125G>A,p.Arg42Gln,rs1401082365,C,T,"gnomAD Exomes,gnomAD Genomes",Pathogenic,missense_variant,Homozygous disease causing,PASS,PASS,ENST00000396594.3,p.Arg42Gln,p.Arg42Gln,c.125G>A,missense_variant,Conflicting interpretations of pathogenicity,596639,,3,282774,1.06E-05,0,0,1,24968,0,0,0,35430,0,0,0,10364,0,0,0,19952,0,0,0,25124,0,0,1,129098,0,0,0,7226,0,0,1,30612,0,0
9,36222999,c.1505-4G>A,,rs146067766,C,T,"gnomAD Exomes,gnomAD Genomes",Pathogenic,splice_region_variant,Homozygous disease causing,PASS,PASS,ENST00000396594.3,c.1505-4G>A,,c.1505-4G>A,splice_region_variant,Conflicting interpretations of pathogenicity,500345,,37,282650,0.000130904,0,0,3,24958,0,0,6,35438,0,0,0,10364,0,0,13,19952,0,0,0,25116,0,0,7,128982,0,0,2,7224,0,0,6,30616,0,0
9,36222884,c.1616T>C,p.Leu539Ser,rs1057516798,A,G,gnomAD Genomes,Pathogenic,missense_variant,Homozygous disease causing,NA,PASS,ENST00000396594.3,p.Leu539Ser,p.Leu539Ser,c.1616T>C,missense_variant,Likely pathogenic,370826,,1,31386,3.19E-05,0,0,0,8710,0,0,0,848,0,0,0,290,0,0,0,1560,0,0,0,3474,0,0,1,15416,0,0,0,1088,0,0,0,30616,0,0
9,36249273,c.173C>T,p.Pro58Leu,rs1236647498,G,A,gnomAD Genomes,Pathogenic,missense_variant,Homozygous disease causing,NA,PASS,ENST00000396594.3,p.Pro58Leu,p.Pro58Leu,c.173C>T,missense_variant,Pathogenic/Likely pathogenic,551266,,1,31400,3.18E-05,0,0,0,8710,0,0,0,848,0,0,0,290,0,0,0,1560,0,0,0,3476,0,0,1,15428,0,0,0,1088,0,0,0,30616,0,0
9,36219976,c.1768G>A,p.Gly590Arg,rs762009737,C,T,"gnomAD Exomes,gnomAD Genomes",Pathogenic,missense_variant,Homozygous disease causing,PASS,PASS,ENST00000396594.3,p.Gly590Arg,p.Gly590Arg,c.1768G>A,missense_variant,Conflicting interpretations of pathogenicity,288129,,8,282878,2.83E-05,0,0,0,24968,0,0,0,35440,0,0,0,10370,0,0,3,19948,0,0,0,25120,0,0,4,129190,0,0,0,7226,0,0,1,30616,0,0
9,36219946,c.1798C>A,p.His600Asn,rs1192552968,G,T,gnomAD Genomes,Pathogenic,missense_variant,Homozygous disease causing,NA,PASS,ENST00000396594.3,p.His600Asn,p.His600Asn,c.1798C>A,missense_variant,,,,1,31396,3.19E-05,0,0,0,8708,0,0,1,848,0,0,0,290,0,0,0,1560,0,0,0,3474,0,0,0,15430,0,0,0,1086,0,0,0,30616,0,0
9,36218222,c.1984G>A,p.Ala662Thr,rs121908626,C,T,gnomAD Genomes,Pathogenic,missense_variant,Homozygous disease causing,NA,PASS,ENST00000396594.3,p.Ala662Thr,p.Ala662Thr,c.1984G>A,missense_variant,Pathogenic,6027,,1,31390,3.19E-05,0,0,1,8714,0,0,0,848,0,0,0,290,0,0,0,1558,0,0,0,3476,0,0,0,15418,0,0,0,1086,0,0,0,30616,0,0
9,36218221,c.1985C>T,p.Ala662Val,rs62541771,G,A,"gnomAD Exomes,gnomAD Genomes",Pathogenic,missense_variant,Homozygous disease causing,PASS,PASS,ENST00000396594.3,p.Ala662Val,p.Ala662Val,c.1985C>T,missense_variant,Pathogenic,6035,,24,282858,8.48E-05,0,0,1,24960,0,0,0,35440,0,0,0,10370,0,0,0,19954,0,0,0,25122,0,0,23,129168,0,0,0,7228,0,0,0,30616,0,0
9,36217445,c.2179G>A,p.Val727Met,rs121908627,C,T,"gnomAD Exomes,gnomAD Genomes",Pathogenic,missense_variant,Homozygous non disease causing,PASS,PASS,ENST00000396594.3,p.Val727Met,p.Val727Met,c.2179G>A,missense_variant,Conflicting interpretations of pathogenicity,6028,,422,282842,0.001491999,2,0,1,24966,0,0,1,35434,0,0,0,10370,0,0,0,19954,0,0,0,25116,0,0,4,129164,0,0,6,7222,0,0,410,30616,2,0
9,36236974,c.717T>G,p.Asp239Glu,rs35224402,A,C,"gnomAD Exomes,gnomAD Genomes",Pathogenic,missense_variant,Homozygous non disease causing,PASS,PASS,ENST00000396594.3,p.Asp239Glu,p.Asp239Glu,c.717T>G,missense_variant,Benign/Likely benign,287949,,328,282632,0.00116052,5,0,296,24964,5,0,26,35404,0,0,0,10364,0,0,0,19950,0,0,0,25088,0,0,3,129048,0,0,1,7212,0,0,2,30602,0,0
9,36236951,c.740T>C,p.Val247Ala,rs779694939,A,G,"gnomAD Exomes,gnomAD Genomes",Pathogenic,missense_variant,Homozygous disease causing,PASS,PASS,ENST00000396594.3,p.Val247Ala,p.Val247Ala,c.740T>C,missense_variant,Pathogenic/Likely pathogenic,218297,,7,282752,2.48E-05,0,0,0,24964,0,0,0,35420,0,0,0,10368,0,0,0,19954,0,0,0,25114,0,0,7,129106,0,0,0,7216,0,0,0,30610,0,0
9,36236925,c.766G>A,p.Asp256Asn,rs121908630,C,T,gnomAD Genomes,Pathogenic,missense_variant,Homozygous disease causing,NA,PASS,ENST00000396594.3,p.Asp256Asn,p.Asp256Asn,c.766G>A,missense_variant,Conflicting interpretations of pathogenicity,6031,,2,31410,6.37E-05,0,0,2,8716,0,0,0,848,0,0,0,290,0,0,0,1558,0,0,0,3474,0,0,0,15436,0,0,0,1088,0,0,0,30616,0,0
9,36236862,c.829C>T,p.Arg277Trp,rs773729410,G,A,"gnomAD Exomes,gnomAD Genomes",Pathogenic,missense_variant,Homozygous disease causing,PASS,PASS,ENST00000396594.3,p.Arg277Trp,p.Arg277Trp,c.829C>T,missense_variant,Pathogenic,197184,,4,282820,1.41E-05,0,0,1,24968,0,0,1,35434,0,0,0,10368,0,0,0,19954,0,0,0,25114,0,0,2,129148,0,0,0,7220,0,0,0,30614,0,0
9,36233983,c.1009C>T,p.Arg337*,rs1057516374,G,A,gnomAD Genomes,Pathogenic,stop_gained,Homozygous embryonic lethal,NA,PASS,ENST00000396594.3,p.Arg337Ter,p.Arg337Ter,c.1009C>T,stop_gained,Pathogenic/Likely pathogenic,370285,,1,31396,3.19E-05,0,0,1,8710,0,0,0,848,0,0,0,290,0,0,0,1558,0,0,0,3474,0,0,0,15428,0,0,0,1088,0,0,0,30616,0,0
9,36222923,c.1577G>A,p.Trp526*,rs1278624200,C,T,"gnomAD Exomes,gnomAD Genomes",Pathogenic,stop_gained,Homozygous embryonic lethal,PASS,PASS,ENST00000396594.3,p.Trp526Ter,p.Trp526Ter,c.1577G>A,stop_gained,,,,2,282890,7.07E-06,0,0,0,24970,0,0,0,35440,0,0,0,10370,0,0,0,19954,0,0,2,25122,0,0,0,129192,0,0,0,7226,0,0,0,30616,0,0
9,36222922,c.1578G>A,p.Trp526*,rs1212623980,C,T,"gnomAD Exomes,gnomAD Genomes",Pathogenic,stop_gained,Homozygous embryonic lethal,PASS,PASS,ENST00000396594.3,p.Trp526Ter,p.Trp526Ter,c.1578G>A,stop_gained,Likely pathogenic,553715,,2,282896,7.07E-06,0,0,0,24972,0,0,0,35440,0,0,0,10370,0,0,0,19954,0,0,0,25124,0,0,1,129196,0,0,0,7224,0,0,1,30616,0,0
9,36276924,c.18T>A,p.Tyr6*,rs200763627,A,T,"gnomAD Exomes,gnomAD Genomes",Pathogenic,stop_gained,Homozygous embryonic lethal,PASS,PASS,ENST00000396594.3,p.Tyr6Ter,p.Tyr6Ter,c.18T>A,stop_gained,Conflicting interpretations of pathogenicity,583405,lof_flag,51,279746,0.000182308,0,0,0,24124,0,0,1,35194,0,0,0,10320,0,0,49,19492,0,0,0,25020,0,0,0,127996,0,0,1,7110,0,0,0,30490,0,0
9,36218269,c.1937C>G,p.Ser646*,rs757523840,G,C,"gnomAD Exomes,gnomAD Genomes",Pathogenic,stop_gained,Homozygous embryonic lethal,PASS,PASS,ENST00000396594.3,p.Ser646Ter,p.Ser646Ter,c.1937C>G,stop_gained,Pathogenic,286439,,4,282850,1.41E-05,0,0,1,24966,0,0,0,35440,0,0,0,10370,0,0,0,19950,0,0,0,25116,0,0,3,129164,0,0,0,7228,0,0,0,30616,0,0
9,36246032,c.705G>A,p.Trp235*, ,C,T,gnomAD Genomes,Pathogenic,stop_gained,Homozygous embryonic lethal,NA,PASS,ENST00000396594.3,p.Trp235Ter,p.Trp235Ter,c.705G>A,stop_gained,Conflicting interpretations of pathogenicity,188796,,1,31406,3.18E-05,0,0,0,8712,0,0,0,848,0,0,0,290,0,0,0,1560,0,0,0,3474,0,0,1,15434,0,0,0,1088,0,0,0,30616,0,0
9,36246117,c.620A>T,p.Asp207Val,rs139425890,T,A,"gnomAD Exomes,gnomAD Genomes",Pathogenic,missense_variant,Homozygous non disease causing,PASS,PASS,ENST00000396594.3,p.Asp207Val,p.Asp207Val,c.620A>T,missense_variant,Pathogenic/Likely pathogenic,41233,,14,282714,4.95E-05,0,0,0,24968,0,0,0,35434,0,0,0,10360,0,0,12,19952,0,0,0,25122,0,0,0,129046,0,0,0,7218,0,0,2,30614,0,0
9,36227259,c.1360A>G,p.Ile454Val,rs35638832,T,C,"gnomAD Exomes,gnomAD Genomes",,,Homozygous disease causing,PASS,PASS,ENST00000396594.3,p.Ile454Val,p.Ile454Val,c.1360A>G,missense_variant,Conflicting interpretations of pathogenicity,284451,,53,282854,0.000187376,0,0,43,24964,0,0,1,35434,0,0,0,10370,0,0,0,19950,0,0,0,25124,0,0,7,129174,0,0,2,7226,0,0,0,30612,0,0
9,36222809,c.1691G>A,p.Gly564Glu,rs201808007,C,T,gnomAD Exomes,,,Homozygous disease causing,PASS,NA,ENST00000396594.3,p.Gly564Glu,p.Gly564Glu,c.1691G>A,missense_variant,Uncertain significance,855728,,24,251494,9.54E-05,0,0,0,16256,0,0,0,34592,0,0,0,10080,0,0,0,18394,0,0,0,21648,0,0,14,113768,0,0,1,6140,0,0,9,30616,0,0
9,36219882,c.1862A>G,p.Tyr621Cys,rs1363913351,T,C,gnomAD Genomes,,,Homozygous disease causing,NA,PASS,ENST00000396594.3,p.Tyr621Cys,p.Tyr621Cys,c.1862A>G,missense_variant,Uncertain significance,1443730,,2,31400,6.37E-05,0,0,2,8714,0,0,0,848,0,0,0,290,0,0,0,1558,0,0,0,3476,0,0,0,15426,0,0,0,1088,0,0,0,30616,0,0
9,36249231,c.215T>G,p.Leu72Arg,rs1444052332,A,C,gnomAD Genomes,,,Homozygous disease causing,NA,PASS,ENST00000396594.3,p.Leu72Arg,p.Leu72Arg,c.215T>G,missense_variant,,,,2,31406,6.37E-05,0,0,0,8716,0,0,0,846,0,0,0,290,0,0,0,1560,0,0,0,3476,0,0,2,15430,0,0,0,1088,0,0,0,30616,0,0
9,36249330,c.116G>A,p.Arg39Gln,rs763057654,C,T,"gnomAD Exomes,gnomAD Genomes",,,Homozygous disease causing,PASS,PASS,ENST00000396594.3,p.Arg39Gln,p.Arg39Gln,c.116G>A,missense_variant,Uncertain significance,286466,,16,282696,5.66E-05,0,0,0,24962,0,0,2,35422,0,0,0,10362,0,0,0,19950,0,0,0,25122,0,0,14,129050,0,0,0,7222,0,0,0,30606,0,0
9,36222978,c.1522C>T,p.Arg508Cys,rs551854437,G,A,"gnomAD Exomes,gnomAD Genomes",,,Homozygous disease causing,PASS,PASS,ENST00000396594.3,p.Arg508Cys,p.Arg508Cys,c.1522C>T,missense_variant,Uncertain significance,1203461,,12,282824,4.24E-05,0,0,1,24968,0,0,0,35438,0,0,0,10368,0,0,0,19952,0,0,0,25122,0,0,1,129134,0,0,0,7226,0,0,10,30616,0,0
9,36236873,c.818C>T,p.Ser273Leu,rs771167726,G,A,gnomAD Exomes,,,Homozygous disease causing,PASS,NA,ENST00000396594.3,p.Ser273Leu,p.Ser273Leu,c.818C>T,missense_variant,Uncertain significance,969149,,10,251424,3.98E-05,0,0,0,16256,0,0,10,34586,0,0,0,10078,0,0,0,18394,0,0,0,21638,0,0,0,113726,0,0,0,6132,0,0,0,30614,0,0
9,36217418,c.2206G>A,p.Ala736Thr,rs201216576,C,T,"gnomAD Exomes,gnomAD Genomes",,,Homozygous disease causing,PASS,PASS,ENST00000396594.3,p.Ala736Thr,p.Ala736Thr,c.2206G>A,missense_variant,Uncertain significance,288495,,10,282786,3.54E-05,0,0,1,24952,0,0,0,35434,0,0,0,10370,0,0,0,19954,0,0,4,25108,0,0,4,129132,0,0,1,7220,0,0,0,30616,0,0
9,36218242,c.1964C>T,p.Ala655Val,rs200278654,G,A,"gnomAD Exomes,gnomAD Genomes",,,Homozygous disease causing,PASS,PASS,ENST00000396594.3,p.Ala655Val,p.Ala655Val,c.1964C>T,missense_variant,Uncertain significance,285685,,10,282808,3.54E-05,0,0,3,24952,0,0,0,35440,0,0,0,10366,0,0,0,19950,0,0,0,25104,0,0,7,129154,0,0,0,7226,0,0,0,30616,0,0
9,36217441,c.2183T>C,p.Val728Ala,rs1462602981,A,G,gnomAD Genomes,,,Homozygous disease causing,NA,PASS,ENST00000396594.3,p.Val728Ala,p.Val728Ala,c.2183T>C,missense_variant,,,,1,31370,3.19E-05,0,0,0,8700,0,0,0,848,0,0,0,290,0,0,0,1554,0,0,0,3472,0,0,1,15418,0,0,0,1088,0,0,0,30616,0,0
9,36223466,c.1408C>T,p.Pro470Ser,rs1473804502,G,A,gnomAD Genomes,,,Homozygous disease causing,NA,PASS,ENST00000396594.3,p.Pro470Ser,p.Pro470Ser,c.1408C>T,missense_variant,,,,1,31388,3.19E-05,0,0,1,8710,0,0,0,848,0,0,0,290,0,0,0,1560,0,0,0,3476,0,0,0,15418,0,0,0,1086,0,0,0,30616,0,0
9,36222891,c.1609G>T,p.Asp537Tyr,rs1304108749,C,A,gnomAD Genomes,,,Homozygous disease causing,NA,PASS,ENST00000396594.3,p.Asp537Tyr,p.Asp537Tyr,c.1609G>T,missense_variant,,,,1,31400,3.18E-05,0,0,0,8712,0,0,0,848,0,0,0,290,0,0,0,1558,0,0,0,3476,0,0,1,15428,0,0,0,1088,0,0,0,30616,0,0
9,36227445,c.1174T>C,p.Tyr392His,rs1192630467,A,G,gnomAD Genomes,,,Homozygous disease causing,NA,PASS,ENST00000396594.3,p.Tyr392His,p.Tyr392His,c.1174T>C,missense_variant,Uncertain significance,568002,,1,31404,3.18E-05,0,0,0,8716,0,0,0,848,0,0,0,290,0,0,0,1560,0,0,0,3474,0,0,1,15428,0,0,0,1088,0,0,0,30616,0,0
9,36236958,c.733T>A,p.Tyr245Asn,rs1288187588,A,T,gnomAD Genomes,,,Homozygous disease causing,NA,PASS,ENST00000396594.3,p.Tyr245Asn,p.Tyr245Asn,c.733T>A,missense_variant,,,,1,31408,3.18E-05,0,0,0,8712,0,0,0,848,0,0,0,290,0,0,0,1560,0,0,0,3476,0,0,1,15434,0,0,0,1088,0,0,0,30616,0,0
9,36227316,c.1303C>G,p.Leu435Val,rs1183327786,G,C,gnomAD Genomes,,,Homozygous disease causing,NA,PASS,ENST00000396594.3,p.Leu435Val,p.Leu435Val,c.1303C>G,missense_variant,,,,1,31410,3.18E-05,0,0,0,8714,0,0,0,848,0,0,0,290,0,0,0,1560,0,0,0,3476,0,0,1,15434,0,0,0,1088,0,0,0,30616,0,0
9,36222977,c.1523G>A,p.Arg508His,rs776109807,C,T,gnomAD Exomes,,,Homozygous disease causing,PASS,NA,ENST00000396594.3,p.Arg508His,p.Arg508His,c.1523G>A,missense_variant,Uncertain significance,1399940,,7,251442,2.78E-05,0,0,0,16254,0,0,4,34592,0,0,0,10078,0,0,0,18394,0,0,0,21644,0,0,0,113726,0,0,0,6138,0,0,3,30616,0,0
9,36217481,c.2143C>T,p.Arg715Cys,rs139347806,G,A,gnomAD Exomes,,,Homozygous disease causing,PASS,NA,ENST00000396594.3,p.Arg715Cys,p.Arg715Cys,c.2143C>T,missense_variant,Uncertain significance,283051,,7,251452,2.78E-05,0,0,0,16250,0,0,0,34590,0,0,0,10076,0,0,0,18394,0,0,0,21646,0,0,7,113742,0,0,0,6140,0,0,0,30614,0,0
9,36222785,c.1715T>C,p.Ile572Thr,rs369119154,A,G,"gnomAD Exomes,gnomAD Genomes",,,Homozygous disease causing,PASS,PASS,ENST00000396594.3,p.Ile572Thr,p.Ile572Thr,c.1715T>C,missense_variant,Uncertain significance,1064281,,7,282888,2.47E-05,0,0,0,24968,0,0,0,35440,0,0,0,10370,0,0,0,19954,0,0,0,25122,0,0,6,129192,0,0,1,7226,0,0,0,30616,0,0
9,36246159,c.578G>A,p.Arg193His,rs747640708,C,T,gnomAD Exomes,,,Homozygous disease causing,PASS,NA,ENST00000396594.3,p.Arg193His,p.Arg193His,c.578G>A,missense_variant,Uncertain significance,1473998,,6,251326,2.39E-05,0,0,1,16256,0,0,0,34590,0,0,0,10072,0,0,0,18392,0,0,0,21646,0,0,5,113618,0,0,0,6136,0,0,0,30616,0,0
9,36223462,c.1412A>C,p.Lys471Thr,rs769745306,T,G,gnomAD Exomes,,,Homozygous disease causing,PASS,NA,ENST00000396594.3,p.Lys471Thr,p.Lys471Thr,c.1412A>C,missense_variant,Uncertain significance,1056569,,6,251362,2.39E-05,0,0,0,16228,0,0,0,34586,0,0,0,10080,0,0,0,18394,0,0,0,21638,0,0,6,113696,0,0,0,6128,0,0,0,30612,0,0
9,36246339,c.398T>C,p.Leu133Pro,rs760704097,A,G,"gnomAD Exomes,gnomAD Genomes",,,Homozygous disease causing,PASS,PASS,ENST00000396594.3,p.Leu133Pro,p.Leu133Pro,c.398T>C,missense_variant,Uncertain significance,498263,,6,282636,2.12E-05,0,0,6,24966,0,0,0,35440,0,0,0,10362,0,0,0,19952,0,0,0,25098,0,0,0,128990,0,0,0,7216,0,0,0,30612,0,0
9,36229013,c.1163+5G>A,,rs374170125,C,T,"gnomAD Exomes,gnomAD Genomes",,,Homozygous disease causing,PASS,PASS,ENST00000396594.3,c.1163+5G>A,,c.1163+5G>A,splice_region_variant,Uncertain significance,504432,os_lof,6,282778,2.12E-05,0,0,6,24952,0,0,0,35434,0,0,0,10368,0,0,0,19950,0,0,0,25112,0,0,0,129136,0,0,0,7216,0,0,0,30610,0,0
9,36217451,c.2173G>A,p.Val725Met,rs935868387,C,T,gnomAD Exomes,,,Homozygous disease causing,PASS,NA,ENST00000396594.3,p.Val725Met,p.Val725Met,c.2173G>A,missense_variant,Uncertain significance,2055286,,5,251446,1.99E-05,0,0,0,16250,0,0,1,34588,0,0,0,10080,0,0,0,18394,0,0,0,21644,0,0,4,113738,0,0,0,6136,0,0,0,30616,0,0
9,36222966,c.1534C>T,p.Arg512Trp,rs772489205,G,A,gnomAD Exomes,,,Homozygous disease causing,PASS,NA,ENST00000396594.3,p.Arg512Trp,p.Arg512Trp,c.1534C>T,missense_variant,Uncertain significance,2062352,,5,251460,1.99E-05,0,0,0,16256,0,0,3,34592,0,0,0,10078,0,0,0,18394,0,0,0,21648,0,0,2,113740,0,0,0,6136,0,0,0,30616,0,0
9,36219919,c.1825G>C,p.Asp609His,rs778579770,C,G,gnomAD Exomes,,,Homozygous disease causing,PASS,NA,ENST00000396594.3,p.Asp609His,p.Asp609His,c.1825G>C,missense_variant,Uncertain significance,2177042,,5,251486,1.99E-05,0,0,0,16256,0,0,5,34590,0,0,0,10080,0,0,0,18394,0,0,0,21648,0,0,0,113764,0,0,0,6138,0,0,0,30616,0,0
9,36276899,c.43G>C,p.Gly15Arg,rs762425552,C,G,gnomAD Exomes,,,Homozygous disease causing,PASS,NA,ENST00000396594.3,p.Gly15Arg,p.Gly15Arg,c.43G>C,missense_variant,Uncertain significance,290087,,4,247436,1.62E-05,0,0,3,15346,0,0,1,34080,0,0,0,10020,0,0,0,17858,0,0,0,21534,0,0,0,112330,0,0,0,5994,0,0,0,30274,0,0
9,36223427,c.1447A>G,p.Met483Val,rs746051210,T,C,gnomAD Exomes,,,Homozygous disease causing,PASS,NA,ENST00000396594.3,p.Met483Val,p.Met483Val,c.1447A>G,missense_variant,Uncertain significance,553775,,4,251402,1.59E-05,0,0,0,16236,0,0,0,34590,0,0,0,10080,0,0,0,18394,0,0,0,21644,0,0,4,113714,0,0,0,6132,0,0,0,30612,0,0
9,36217502,c.2122C>T,p.His708Tyr,rs527267621,G,A,gnomAD Exomes,,,Homozygous disease causing,PASS,NA,ENST00000396594.3,p.His708Tyr,p.His708Tyr,c.2122C>T,missense_variant,Uncertain significance,286153,,4,251464,1.59E-05,0,0,0,16254,0,0,0,34590,0,0,0,10080,0,0,0,18392,0,0,0,21648,0,0,3,113746,0,0,0,6140,0,0,1,30614,0,0
9,36249246,c.200C>A,p.Pro67His,rs745323678,G,T,gnomAD Exomes,,,Homozygous disease causing,PASS,NA,ENST00000396594.3,p.Pro67His,p.Pro67His,c.200C>A,missense_variant,Uncertain significance,2144213,,4,251478,1.59E-05,0,0,0,16256,0,0,4,34592,0,0,0,10080,0,0,0,18394,0,0,0,21648,0,0,0,113756,0,0,0,6140,0,0,0,30612,0,0
9,36246114,c.623G>A,p.Arg208His,rs772597073,C,T,"gnomAD Exomes,gnomAD Genomes",,,Homozygous disease causing,PASS,PASS,ENST00000396594.3,p.Arg208His,p.Arg208His,c.623G>A,missense_variant,Conflicting interpretations of pathogenicity,913582,,4,282662,1.42E-05,0,0,0,24972,0,0,0,35434,0,0,1,10358,0,0,0,19950,0,0,0,25110,0,0,2,129014,0,0,0,7212,0,0,1,30612,0,0
9,36217480,c.2144G>A,p.Arg715His,rs549097855,C,T,"gnomAD Exomes,gnomAD Genomes",,,Homozygous disease causing,PASS,PASS,ENST00000396594.3,p.Arg715His,p.Arg715His,c.2144G>A,missense_variant,Uncertain significance,2042305,,4,282856,1.41E-05,0,0,1,24964,0,0,0,35440,0,0,0,10366,0,0,2,19952,0,0,0,25122,0,0,1,129170,0,0,0,7228,0,0,0,30614,0,0
9,36217381,c.2243C>G,p.Thr748Arg,rs764012292,G,C,gnomAD Exomes,,,Homozygous disease causing,PASS,NA,ENST00000396594.3,p.Thr748Arg,p.Thr748Arg,c.2243C>G,missense_variant,Uncertain significance,2151555,,3,251010,1.20E-05,0,0,0,16188,0,0,2,34544,0,0,0,10072,0,0,0,18392,0,0,0,21558,0,0,0,113538,0,0,1,6124,0,0,0,30594,0,0
9,36227439,c.1180G>C,p.Asp394His,rs766459139,C,G,gnomAD Exomes,,,Homozygous disease causing,PASS,NA,ENST00000396594.3,p.Asp394His,p.Asp394His,c.1180G>C,missense_variant,,,,3,251156,1.19E-05,0,0,0,16194,0,0,3,34580,0,0,0,10072,0,0,0,18390,0,0,0,21648,0,0,0,113546,0,0,0,6124,0,0,0,30602,0,0
9,36223436,c.1438A>G,p.Ile480Val,rs377660887,T,C,gnomAD Exomes,,,Homozygous disease causing,PASS,NA,ENST00000396594.3,p.Ile480Val,p.Ile480Val,c.1438A>G,missense_variant,,,,3,251400,1.19E-05,0,0,3,16234,0,0,0,34590,0,0,0,10080,0,0,0,18394,0,0,0,21646,0,0,0,113712,0,0,0,6132,0,0,0,30612,0,0
9,36227394,c.1225G>A,p.Asp409Asn,rs199877522,C,T,gnomAD Exomes,,,Homozygous disease causing,PASS,NA,ENST00000396594.3,p.Asp409Asn,p.Asp409Asn,c.1225G>A,missense_variant,,,,3,251400,1.19E-05,0,0,0,16240,0,0,1,34586,0,0,0,10078,0,0,0,18392,0,0,0,21648,0,0,2,113706,0,0,0,6134,0,0,0,30616,0,0
9,36219835,c.1909G>A,p.Glu637Lys,rs547919665,C,T,gnomAD Exomes,,,Homozygous disease causing,PASS,NA,ENST00000396594.3,p.Glu637Lys,p.Glu637Lys,c.1909G>A,missense_variant,,,os_lof,3,251434,1.19E-05,0,0,2,16256,0,0,1,34592,0,0,0,10076,0,0,0,18394,0,0,0,21642,0,0,0,113720,0,0,0,6138,0,0,0,30616,0,0
9,36217523,c.2101G>T,p.Val701Phe,rs746449874,C,A,gnomAD Exomes,,,Homozygous disease causing,PASS,NA,ENST00000396594.3,p.Val701Phe,p.Val701Phe,c.2101G>T,missense_variant,Uncertain significance,578096,,3,251480,1.19E-05,0,0,0,16256,0,0,0,34590,0,0,0,10080,0,0,0,18394,0,0,0,21648,0,0,2,113756,0,0,0,6140,0,0,1,30616,0,0
9,36219970,c.1774T>G,p.Ser592Ala,rs776760528,A,C,gnomAD Exomes,,,Homozygous disease causing,PASS,NA,ENST00000396594.3,p.Ser592Ala,p.Ser592Ala,c.1774T>G,missense_variant,Uncertain significance,951729,,3,251486,1.19E-05,0,0,1,16256,0,0,0,34592,0,0,0,10080,0,0,0,18394,0,0,0,21648,0,0,2,113762,0,0,0,6138,0,0,0,30616,0,0
9,36223454,c.1420G>A,p.Glu474Lys,rs1337925138,C,T,"gnomAD Exomes,gnomAD Genomes",,,Homozygous disease causing,PASS,PASS,ENST00000396594.3,p.Glu474Lys,p.Glu474Lys,c.1420G>A,missense_variant,Uncertain significance,582461,,3,282788,1.06E-05,0,0,0,24950,0,0,0,35434,0,0,0,10370,0,0,0,19952,0,0,0,25120,0,0,3,129134,0,0,0,7216,0,0,0,30612,0,0
9,36246458,c.275_278delTTGA,p.Ile92AsnfsTer15,rs1444208046,TTCAA,T,gnomAD Exomes,,,Homozygous embryonic lethal,PASS,NA,ENST00000396594.3,p.Ile92AsnfsTer15,p.Ile92AsnfsTer15,c.275_278delTTGA,frameshift_variant,,,,2,248284,8.06E-06,0,0,0,15524,0,0,0,34554,0,0,0,10002,0,0,0,18350,0,0,0,21636,0,0,2,111532,0,0,0,6090,0,0,0,30596,0,0
9,36246402,c.335A>C,p.Glu112Ala,rs758617859,T,G,gnomAD Exomes,,,Homozygous disease causing,PASS,NA,ENST00000396594.3,p.Glu112Ala,p.Glu112Ala,c.335A>C,missense_variant,,,,2,250708,7.98E-06,0,0,0,16190,0,0,0,34574,0,0,0,10038,0,0,0,18386,0,0,0,21602,0,0,2,113240,0,0,0,6118,0,0,0,30560,0,0
9,36217376,c.2248C>T,p.Arg750Cys,rs752430781,G,A,gnomAD Exomes,,,Homozygous disease causing,PASS,NA,ENST00000396594.3,p.Arg750Cys,p.Arg750Cys,c.2248C>T,missense_variant,,,,2,250832,7.97E-06,0,0,0,16156,0,0,0,34536,0,0,0,10072,0,0,0,18392,0,0,0,21518,0,0,2,113462,0,0,0,6118,0,0,0,30578,0,0
9,36233919,c.1073C>T,p.Thr358Ile,rs1442314907,G,A,gnomAD Exomes,,,Homozygous disease causing,PASS,NA,ENST00000396594.3,p.Thr358Ile,p.Thr358Ile,c.1073C>T,missense_variant,,,,2,251206,7.96E-06,0,0,0,16252,0,0,0,34588,0,0,0,10078,0,0,0,18394,0,0,0,21646,0,0,2,113504,0,0,0,6128,0,0,0,30616,0,0
9,36246040,c.697C>T,p.Arg233Cys,rs756309840,G,A,gnomAD Exomes,,,Homozygous disease causing,PASS,NA,ENST00000396594.3,p.Arg233Cys,p.Arg233Cys,c.697C>T,missense_variant,Uncertain significance,1389485,,2,251250,7.96E-06,0,0,0,16256,0,0,0,34590,0,0,0,10076,0,0,0,18394,0,0,0,21528,0,0,2,113660,0,0,0,6130,0,0,0,30616,0,0
9,36223468,c.1406A>T,p.Asn469Ile,rs772723683,T,A,gnomAD Exomes,,,Homozygous disease causing,PASS,NA,ENST00000396594.3,p.Asn469Ile,p.Asn469Ile,c.1406A>T,missense_variant,Uncertain significance,1513191,,2,251340,7.96E-06,0,0,0,16212,0,0,0,34584,0,0,0,10080,0,0,0,18394,0,0,0,21638,0,0,2,113696,0,0,0,6124,0,0,0,30612,0,0
9,36218296,c.1910A>G,p.Glu637Gly,rs750943144,T,C,gnomAD Exomes,,,Homozygous disease causing,PASS,NA,ENST00000396594.3,p.Glu637Gly,p.Glu637Gly,c.1910A>G,missense_variant,,,,2,251402,7.96E-06,0,0,0,16256,0,0,0,34588,0,0,0,10078,0,0,0,18394,0,0,0,21634,0,0,0,113698,0,0,0,6138,0,0,2,30616,0,0
9,36227346,c.1273G>A,p.Glu425Lys,rs1377588827,C,T,gnomAD Exomes,,,Homozygous disease causing,PASS,NA,ENST00000396594.3,p.Glu425Lys,p.Glu425Lys,c.1273G>A,missense_variant,,,,2,251408,7.96E-06,0,0,0,16248,0,0,0,34588,0,0,0,10074,0,0,0,18392,0,0,0,21648,0,0,2,113708,0,0,0,6138,0,0,0,30612,0,0
9,36229084,c.1097G>A,p.Arg366Gln,rs770792914,C,T,gnomAD Exomes,,,Homozygous disease causing,PASS,NA,ENST00000396594.3,p.Arg366Gln,p.Arg366Gln,c.1097G>A,missense_variant,,,,2,251426,7.95E-06,0,0,0,16252,0,0,0,34590,0,0,0,10080,0,0,0,18392,0,0,0,21648,0,0,1,113714,0,0,0,6134,0,0,1,30616,0,0
9,36227318,c.1301T>C,p.Ile434Thr,rs1361603985,A,G,gnomAD Exomes,,,Homozygous disease causing,PASS,NA,ENST00000396594.3,p.Ile434Thr,p.Ile434Thr,c.1301T>C,missense_variant,,,,2,251436,7.95E-06,0,0,0,16254,0,0,0,34586,0,0,0,10078,0,0,0,18392,0,0,0,21648,0,0,1,113726,0,0,1,6138,0,0,0,30614,0,0
9,36229072,c.1109C>T,p.Thr370Ile,rs773054972,G,A,gnomAD Exomes,,,Homozygous disease causing,PASS,NA,ENST00000396594.3,p.Thr370Ile,p.Thr370Ile,c.1109C>T,missense_variant,Uncertain significance,1991497,,2,251438,7.95E-06,0,0,0,16254,0,0,0,34592,0,0,0,10080,0,0,0,18392,0,0,0,21648,0,0,2,113722,0,0,0,6134,0,0,0,30616,0,0
9,36227258,c.1361T>C,p.Ile454Thr,rs1313840587,A,G,gnomAD Exomes,,,Homozygous disease causing,PASS,NA,ENST00000396594.3,p.Ile454Thr,p.Ile454Thr,c.1361T>C,missense_variant,,,,2,251456,7.95E-06,0,0,0,16254,0,0,0,34592,0,0,0,10080,0,0,0,18394,0,0,0,21648,0,0,1,113736,0,0,0,6138,0,0,1,30614,0,0
9,36233998,c.994A>G,p.Ser332Gly,rs748906478,T,C,gnomAD Exomes,,,Homozygous disease causing,PASS,NA,ENST00000396594.3,p.Ser332Gly,p.Ser332Gly,c.994A>G,missense_variant,,,,2,251484,7.95E-06,0,0,0,16256,0,0,0,34592,0,0,0,10080,0,0,0,18394,0,0,2,21648,0,0,0,113758,0,0,0,6140,0,0,0,30616,0,0
9,36219987,c.1757A>C,p.Glu586Ala,rs200212703,T,G,gnomAD Exomes,,,Homozygous disease causing,PASS,NA,ENST00000396594.3,p.Glu586Ala,p.Glu586Ala,c.1757A>C,missense_variant,,,,2,251486,7.95E-06,0,0,0,16256,0,0,0,34592,0,0,0,10078,0,0,0,18394,0,0,0,21648,0,0,2,113762,0,0,0,6140,0,0,0,30616,0,0
9,36223372,c.1502T>C,p.Val501Ala,rs1482555255,A,G,"gnomAD Exomes,gnomAD Genomes",,,Homozygous disease causing,PASS,PASS,ENST00000396594.3,p.Val501Ala,p.Val501Ala,c.1502T>C,missense_variant,,,,2,282746,7.07E-06,0,0,1,24912,0,0,0,35436,0,0,0,10370,0,0,0,19954,0,0,0,25120,0,0,1,129130,0,0,0,7212,0,0,0,30612,0,0
9,36229033,c.1148G>A,p.Gly383Asp,rs754364693,C,T,"gnomAD Exomes,gnomAD Genomes",,,Homozygous disease causing,PASS,PASS,ENST00000396594.3,p.Gly383Asp,p.Gly383Asp,c.1148G>A,missense_variant,,,,2,282796,7.07E-06,0,0,1,24962,0,0,0,35434,0,0,0,10368,0,0,0,19946,0,0,0,25108,0,0,1,129148,0,0,0,7216,0,0,0,30614,0,0
9,36236882,c.809C>T,p.Ala270Val,rs753279546,G,A,"gnomAD Exomes,gnomAD Genomes",,,Homozygous disease causing,PASS,PASS,ENST00000396594.3,p.Ala270Val,p.Ala270Val,c.809C>T,missense_variant,,,,2,282832,7.07E-06,0,0,0,24968,0,0,0,35440,0,0,0,10368,0,0,0,19952,0,0,2,25116,0,0,0,129154,0,0,0,7222,0,0,0,30612,0,0
9,36246480,c.258-1G>A,,rs771790170,C,T,gnomAD Exomes,,,Homozygous disease causing,PASS,NA,ENST00000396594.3,c.258-1G>A,,c.258-1G>A,splice_acceptor_variant,,,,1,246948,4.05E-06,0,0,0,15312,0,0,0,34516,0,0,0,9978,0,0,0,18318,0,0,0,21578,0,0,1,110646,0,0,0,6066,0,0,0,30534,0,0
9,36249391,c.55C>T,p.Leu19Phe,rs1161112246,G,A,gnomAD Exomes,,,Homozygous disease causing,PASS,NA,ENST00000396594.3,p.Leu19Phe,p.Leu19Phe,c.55C>T,missense_variant,,,,1,247276,4.04E-06,0,0,0,16058,0,0,0,33878,0,0,0,9834,0,0,0,18250,0,0,0,21580,0,0,0,111878,0,0,0,5998,0,0,1,29800,0,0
9,36246462,c.275T>C,p.Ile92Thr,rs1308966468,A,G,gnomAD Exomes,,,Homozygous disease causing,PASS,NA,ENST00000396594.3,p.Ile92Thr,p.Ile92Thr,c.275T>C,missense_variant,Uncertain significance,2432208,,1,247974,4.03E-06,0,0,0,15454,0,0,1,34558,0,0,0,9996,0,0,0,18334,0,0,0,21636,0,0,0,111322,0,0,0,6088,0,0,0,30586,0,0
9,36246454,c.282delA,p.Asp95MetfsTer13,rs1331496567,CT,C,gnomAD Exomes,,,Homozygous embryonic lethal,PASS,NA,ENST00000396594.3,p.Asp95MetfsTer13,p.Asp95MetfsTer13,c.282delA,frameshift_variant,,,,1,248734,4.02E-06,0,0,0,15660,0,0,0,34540,0,0,0,10008,0,0,0,18360,0,0,0,21640,0,0,1,111840,0,0,0,6094,0,0,0,30592,0,0
9,36246426,c.311A>G,p.His104Arg,rs1407067181,T,C,gnomAD Exomes,,,Homozygous disease causing,PASS,NA,ENST00000396594.3,p.His104Arg,p.His104Arg,c.311A>G,missense_variant,,,,1,250064,4.00E-06,0,0,0,15972,0,0,0,34570,0,0,0,10028,0,0,0,18374,0,0,0,21632,0,0,0,112788,0,0,0,6100,0,0,1,30600,0,0
9,36217599,c.2027-2A>G,,rs766168901,T,C,gnomAD Exomes,,,Homozygous disease causing,PASS,NA,ENST00000396594.3,c.2027-2A>G,,c.2027-2A>G,splice_acceptor_variant,,,,1,250238,4.00E-06,0,0,0,16144,0,0,0,34406,0,0,0,10050,0,0,0,18338,0,0,0,21596,0,0,1,113108,0,0,0,6108,0,0,0,30488,0,0
9,36227442,c.1175_1176delAT,p.Tyr392TrpfsTer40,rs1197553826,CAT,C,gnomAD Exomes,,,Homozygous embryonic lethal,PASS,NA,ENST00000396594.3,p.Tyr392TrpfsTer40,p.Tyr392TrpfsTer40,c.1175_1176delAT,frameshift_variant,,,,1,251110,3.98E-06,0,0,0,16188,0,0,0,34580,0,0,0,10070,0,0,0,18390,0,0,0,21648,0,0,1,113508,0,0,0,6122,0,0,0,30604,0,0
9,36246361,c.376C>A,p.Leu126Met,rs376979572,G,T,gnomAD Exomes,,,Homozygous disease causing,PASS,NA,ENST00000396594.3,p.Leu126Met,p.Leu126Met,c.376C>A,missense_variant,,,,1,251118,3.98E-06,0,0,0,16250,0,0,0,34588,0,0,0,10060,0,0,0,18392,0,0,0,21612,0,0,1,113492,0,0,0,6120,0,0,0,30604,0,0
9,36227439,c.1180G>A,p.Asp394Asn,rs766459139,C,T,gnomAD Exomes,,,Homozygous disease causing,PASS,NA,ENST00000396594.3,p.Asp394Asn,p.Asp394Asn,c.1180G>A,missense_variant,Uncertain significance,595230,,1,251156,3.98E-06,0,0,0,16194,0,0,0,34580,0,0,0,10072,0,0,0,18390,0,0,0,21648,0,0,1,113546,0,0,0,6124,0,0,0,30602,0,0
9,36246033,c.704G>A,p.Trp235Ter,rs754963533,C,T,gnomAD Exomes,,,Homozygous embryonic lethal,PASS,NA,ENST00000396594.3,p.Trp235Ter,p.Trp235Ter,c.704G>A,stop_gained,,,,1,251234,3.98E-06,0,0,0,16256,0,0,0,34588,0,0,0,10078,0,0,0,18394,0,0,0,21490,0,0,1,113686,0,0,0,6126,0,0,0,30616,0,0
9,36246348,c.389T>C,p.Leu130Pro,rs1313289563,A,G,gnomAD Exomes,,,Homozygous disease causing,PASS,NA,ENST00000396594.3,p.Leu130Pro,p.Leu130Pro,c.389T>C,missense_variant,,,,1,251236,3.98E-06,0,0,0,16254,0,0,0,34588,0,0,0,10068,0,0,0,18394,0,0,0,21626,0,0,0,113566,0,0,0,6128,0,0,1,30612,0,0
9,36246331,c.406G>C,p.Asp136His,rs575704922,C,G,gnomAD Exomes,,,Homozygous disease causing,PASS,NA,ENST00000396594.3,p.Asp136His,p.Asp136His,c.406G>C,missense_variant,,,,1,251250,3.98E-06,0,0,0,16254,0,0,0,34590,0,0,0,10070,0,0,1,18392,0,0,0,21630,0,0,0,113576,0,0,0,6128,0,0,0,30610,0,0
9,36246079,c.658C>T,p.Leu220Phe,rs567208272,G,A,gnomAD Exomes,,,Homozygous disease causing,PASS,NA,ENST00000396594.3,p.Leu220Phe,p.Leu220Phe,c.658C>T,missense_variant,Uncertain significance,837972,,1,251282,3.98E-06,0,0,0,16254,0,0,1,34584,0,0,0,10074,0,0,0,18394,0,0,0,21620,0,0,0,113612,0,0,0,6132,0,0,0,30612,0,0
9,36217399,c.2225G>A,p.Ser742Asn,rs1222053548,C,T,gnomAD Exomes,,,Homozygous disease causing,PASS,NA,ENST00000396594.3,p.Ser742Asn,p.Ser742Asn,c.2225G>A,missense_variant,,,,1,251284,3.98E-06,0,0,0,16222,0,0,0,34570,0,0,0,10078,0,0,0,18392,0,0,0,21626,0,0,1,113650,0,0,0,6132,0,0,0,30614,0,0
9,36246085,c.652G>A,p.Asp218Asn,rs1384881705,C,T,gnomAD Exomes,,,Homozygous disease causing,PASS,NA,ENST00000396594.3,p.Asp218Asn,p.Asp218Asn,c.652G>A,missense_variant,,,,1,251292,3.98E-06,0,0,0,16254,0,0,0,34586,0,0,0,10074,0,0,0,18394,0,0,0,21626,0,0,1,113616,0,0,0,6128,0,0,0,30614,0,0
9,36246327,c.410T>C,p.Ile137Thr,rs773920008,A,G,gnomAD Exomes,,,Homozygous disease causing,PASS,NA,ENST00000396594.3,p.Ile137Thr,p.Ile137Thr,c.410T>C,missense_variant,Uncertain significance,288301,,1,251294,3.98E-06,0,0,0,16254,0,0,1,34588,0,0,0,10074,0,0,0,18394,0,0,0,21640,0,0,0,113606,0,0,0,6128,0,0,0,30610,0,0
9,36246096,c.641G>C,p.Cys214Ser,rs1220463521,C,G,gnomAD Exomes,,,Homozygous disease causing,PASS,NA,ENST00000396594.3,p.Cys214Ser,p.Cys214Ser,c.641G>C,missense_variant,Uncertain significance,2052862,,1,251294,3.98E-06,0,0,0,16256,0,0,0,34588,0,0,0,10072,0,0,0,18394,0,0,0,21640,0,0,1,113602,0,0,0,6126,0,0,0,30616,0,0
9,36246129,c.608G>C,p.Cys203Ser,rs759285863,C,G,gnomAD Exomes,,,Homozygous disease causing,PASS,NA,ENST00000396594.3,p.Cys203Ser,p.Cys203Ser,c.608G>C,missense_variant,,,,1,251316,3.98E-06,0,0,0,16256,0,0,0,34588,0,0,0,10076,0,0,0,18394,0,0,1,21642,0,0,0,113614,0,0,0,6130,0,0,0,30616,0,0
9,36246301,c.436G>A,p.Asp146Asn,,C,T,gnomAD Exomes,,,Homozygous disease causing,PASS,NA,ENST00000396594.3,p.Asp146Asn,p.Asp146Asn,c.436G>A,missense_variant,,,,1,251316,3.98E-06,0,0,0,16256,0,0,0,34590,0,0,0,10074,0,0,0,18394,0,0,0,21646,0,0,1,113614,0,0,0,6128,0,0,0,30614,0,0
9,36246294,c.443T>C,p.Leu148Pro,rs1296217324,A,G,gnomAD Exomes,,,Homozygous disease causing,PASS,NA,ENST00000396594.3,p.Leu148Pro,p.Leu148Pro,c.443T>C,missense_variant,Uncertain significance,1714260,,1,251320,3.98E-06,0,0,0,16256,0,0,0,34592,0,0,0,10074,0,0,0,18394,0,0,0,21646,0,0,0,113614,0,0,0,6130,0,0,1,30614,0,0
9,36246127,c.610G>A,p.Glu204Lys,rs1209595219,C,T,gnomAD Exomes,,,Homozygous disease causing,PASS,NA,ENST00000396594.3,p.Glu204Lys,p.Glu204Lys,c.610G>A,missense_variant,,,,1,251326,3.98E-06,0,0,0,16256,0,0,0,34588,0,0,0,10074,0,0,0,18394,0,0,0,21642,0,0,0,113628,0,0,1,6128,0,0,0,30616,0,0
9,36222995,c.1505G>A,p.Gly502Asp,rs1439999698,C,T,gnomAD Exomes,,,Homozygous disease causing,PASS,NA,ENST00000396594.3,p.Gly502Asp,p.Gly502Asp,c.1505G>A,missense_variant,Uncertain significance,502513,,1,251328,3.98E-06,0,0,0,16246,0,0,1,34588,0,0,0,10074,0,0,0,18394,0,0,0,21646,0,0,0,113626,0,0,0,6138,0,0,0,30616,0,0
9,36246160,c.577C>G,p.Arg193Gly,rs769215411,G,C,gnomAD Exomes,,,Homozygous disease causing,PASS,NA,ENST00000396594.3,p.Arg193Gly,p.Arg193Gly,c.577C>G,missense_variant,,,,1,251340,3.98E-06,0,0,0,16256,0,0,0,34590,0,0,0,10072,0,0,0,18394,0,0,0,21646,0,0,1,113630,0,0,0,6136,0,0,0,30616,0,0
9,36246153,c.584C>T,p.Ala195Val,rs1479086633,G,A,gnomAD Exomes,,,Homozygous disease causing,PASS,NA,ENST00000396594.3,p.Ala195Val,p.Ala195Val,c.584C>T,missense_variant,,,,1,251354,3.98E-06,0,0,0,16256,0,0,0,34592,0,0,0,10074,0,0,0,18394,0,0,0,21648,0,0,0,113638,0,0,0,6136,0,0,1,30616,0,0
9,36246166,c.571T>C,p.Cys191Arg,rs1401708373,A,G,gnomAD Exomes,,,Homozygous disease causing,PASS,NA,ENST00000396594.3,p.Cys191Arg,p.Cys191Arg,c.571T>C,missense_variant,,,,1,251358,3.98E-06,0,0,0,16256,0,0,0,34590,0,0,0,10074,0,0,1,18394,0,0,0,21648,0,0,0,113642,0,0,0,6138,0,0,0,30616,0,0
9,36246163,c.574A>C,p.Thr192Pro,rs1292723201,T,G,gnomAD Exomes,,,Homozygous disease causing,PASS,NA,ENST00000396594.3,p.Thr192Pro,p.Thr192Pro,c.574A>C,missense_variant,,,,1,251360,3.98E-06,0,0,0,16256,0,0,1,34590,0,0,0,10074,0,0,0,18394,0,0,0,21648,0,0,0,113644,0,0,0,6138,0,0,0,30616,0,0
9,36236937,c.754C>T,p.Pro252Ser,rs758257873,G,A,gnomAD Exomes,,,Homozygous disease causing,PASS,NA,ENST00000396594.3,p.Pro252Ser,p.Pro252Ser,c.754C>T,missense_variant,,,,1,251366,3.98E-06,0,0,0,16256,0,0,0,34568,0,0,0,10078,0,0,0,18394,0,0,0,21642,0,0,1,113690,0,0,0,6128,0,0,0,30610,0,0
9,36227419,c.1200G>T,p.Arg400Ser,rs1349735343,C,A,gnomAD Exomes,,,Homozygous disease causing,PASS,NA,ENST00000396594.3,p.Arg400Ser,p.Arg400Ser,c.1200G>T,missense_variant,,,,1,251368,3.98E-06,0,0,0,16244,0,0,0,34588,0,0,0,10076,0,0,0,18390,0,0,0,21648,0,0,1,113682,0,0,0,6132,0,0,0,30608,0,0
9,36229102,c.1079A>G,p.Glu360Gly,rs759568545,T,C,gnomAD Exomes,,,Homozygous disease causing,PASS,NA,ENST00000396594.3,p.Glu360Gly,p.Glu360Gly,c.1079A>G,missense_variant,,,,1,251372,3.98E-06,0,0,0,16248,0,0,0,34592,0,0,0,10078,0,0,0,18394,0,0,0,21648,0,0,1,113670,0,0,0,6128,0,0,0,30614,0,0
9,36223384,c.1490G>A,p.Arg497Lys,rs1421444537,C,T,gnomAD Exomes,,,Homozygous disease causing,PASS,NA,ENST00000396594.3,p.Arg497Lys,p.Arg497Lys,c.1490G>A,missense_variant,,,,1,251384,3.98E-06,0,0,0,16220,0,0,0,34588,0,0,0,10080,0,0,0,18394,0,0,1,21646,0,0,0,113712,0,0,0,6132,0,0,0,30612,0,0
9,36217414,c.2208_2209delCC,p.Leu737AlafsTer41,rs1312335886,AGG,A,gnomAD Exomes,,,Homozygous embryonic lethal,PASS,NA,ENST00000396594.3,p.Leu737AlafsTer41,p.Leu737AlafsTer41,c.2208_2209delCC,frameshift_variant,,,,1,251384,3.98E-06,0,0,0,16236,0,0,0,34582,0,0,0,10080,0,0,0,18394,0,0,0,21642,0,0,1,113710,0,0,0,6132,0,0,0,30608,0,0
9,36236837,c.854T>C,p.Ile285Thr,rs1300430787,A,G,gnomAD Exomes,,,Homozygous disease causing,PASS,NA,ENST00000396594.3,p.Ile285Thr,p.Ile285Thr,c.854T>C,missense_variant,,,,1,251384,3.98E-06,0,0,0,16250,0,0,0,34582,0,0,0,10078,0,0,0,18394,0,0,0,21624,0,0,1,113716,0,0,0,6126,0,0,0,30614,0,0
9,36227414,c.1205T>G,p.Leu402Trp,rs1235280679,A,C,gnomAD Exomes,,,Homozygous disease causing,PASS,NA,ENST00000396594.3,p.Leu402Trp,p.Leu402Trp,c.1205T>G,missense_variant,,,,1,251386,3.98E-06,0,0,0,16246,0,0,0,34590,0,0,0,10076,0,0,0,18388,0,0,0,21648,0,0,1,113694,0,0,0,6134,0,0,0,30610,0,0
9,36223456,c.1418A>G,p.Tyr473Cys,rs1214437751,T,C,gnomAD Exomes,,,Homozygous disease causing,PASS,NA,ENST00000396594.3,p.Tyr473Cys,p.Tyr473Cys,c.1418A>G,missense_variant,Uncertain significance,1521670,,1,251386,3.98E-06,0,0,0,16238,0,0,1,34584,0,0,0,10080,0,0,0,18394,0,0,0,21644,0,0,0,113706,0,0,0,6128,0,0,0,30612,0,0
9,36217419,c.2204_2205insAAATC,p.Ala736AsnfsTer48,rs779967033,G,GGATTT,gnomAD Exomes,,,Homozygous embryonic lethal,PASS,NA,ENST00000396594.3,p.Ala736AsnfsTer48,p.Ala736AsnfsTer48,c.2204_2205insAAATC,frameshift_variant,,,,1,251388,3.98E-06,0,0,0,16242,0,0,0,34586,0,0,0,10078,0,0,0,18394,0,0,0,21636,0,0,1,113710,0,0,0,6132,0,0,0,30610,0,0
9,36223447,c.1427G>C,p.Arg476Thr,rs530320188,C,G,gnomAD Exomes,,,Homozygous disease causing,PASS,NA,ENST00000396594.3,p.Arg476Thr,p.Arg476Thr,c.1427G>C,missense_variant,,,,1,251388,3.98E-06,0,0,0,16240,0,0,0,34586,0,0,0,10080,0,0,0,18394,0,0,0,21644,0,0,0,113704,0,0,0,6128,0,0,1,30612,0,0
9,36223430,c.1444C>T,p.Gln482Ter,rs189454495,G,A,gnomAD Exomes,,,Homozygous embryonic lethal,PASS,NA,ENST00000396594.3,p.Gln482Ter,p.Gln482Ter,c.1444C>T,stop_gained,,,,1,251390,3.98E-06,0,0,0,16232,0,0,0,34590,0,0,0,10080,0,0,1,18394,0,0,0,21644,0,0,0,113708,0,0,0,6130,0,0,0,30612,0,0
9,36246198,c.539C>A,p.Ala180Asp,rs747583937,G,T,gnomAD Exomes,,,Homozygous disease causing,PASS,NA,ENST00000396594.3,p.Ala180Asp,p.Ala180Asp,c.539C>A,missense_variant,,,,1,251392,3.98E-06,0,0,0,16256,0,0,0,34592,0,0,0,10074,0,0,1,18394,0,0,0,21648,0,0,0,113672,0,0,0,6140,0,0,0,30616,0,0
9,36217418,c.2205_2206insA,p.Ala736SerfsTer43,rs201216576,C,CT,gnomAD Exomes,,,Homozygous embryonic lethal,PASS,NA,ENST00000396594.3,p.Ala736SerfsTer43,p.Ala736SerfsTer43,c.2205_2206insA,frameshift_variant,,,,1,251392,3.98E-06,0,0,0,16244,0,0,0,34586,0,0,0,10080,0,0,0,18394,0,0,0,21632,0,0,1,113708,0,0,0,6132,0,0,0,30616,0,0
9,36227365,c.1253delT,p.Phe418SerfsTer6,rs771785302,GA,G,gnomAD Exomes,,,Homozygous embryonic lethal,PASS,NA,ENST00000396594.3,p.Phe418SerfsTer6,p.Phe418SerfsTer6,c.1253delT,frameshift_variant,,,,1,251394,3.98E-06,0,0,0,16242,0,0,0,34580,0,0,0,10076,0,0,0,18392,0,0,0,21648,0,0,1,113704,0,0,0,6138,0,0,0,30614,0,0
9,36246195,c.542T>A,p.Ile181Lys,rs746072359,A,T,gnomAD Exomes,,,Homozygous disease causing,PASS,NA,ENST00000396594.3,p.Ile181Lys,p.Ile181Lys,c.542T>A,missense_variant,,,,1,251394,3.98E-06,0,0,0,16256,0,0,0,34592,0,0,0,10078,0,0,0,18394,0,0,0,21648,0,0,1,113670,0,0,0,6140,0,0,0,30616,0,0
9,36227399,c.1220C>G,p.Ser407Cys,rs761815140,G,C,gnomAD Exomes,,,Homozygous disease causing,PASS,NA,ENST00000396594.3,p.Ser407Cys,p.Ser407Cys,c.1220C>G,missense_variant,,,,1,251398,3.98E-06,0,0,1,16244,0,0,0,34586,0,0,0,10078,0,0,0,18390,0,0,0,21648,0,0,0,113702,0,0,0,6134,0,0,0,30616,0,0
9,36246237,c.500G>A,p.Gly167Glu,rs1183639077,C,T,gnomAD Exomes,,,Homozygous disease causing,PASS,NA,ENST00000396594.3,p.Gly167Glu,p.Gly167Glu,c.500G>A,missense_variant,,,,1,251400,3.98E-06,0,0,0,16256,0,0,0,34592,0,0,0,10078,0,0,0,18394,0,0,0,21648,0,0,0,113678,0,0,0,6138,0,0,1,30616,0,0
9,36223403,c.1471G>A,p.Ala491Thr,rs771303552,C,T,gnomAD Exomes,,,Homozygous disease causing,PASS,NA,ENST00000396594.3,p.Ala491Thr,p.Ala491Thr,c.1471G>A,missense_variant,,,,1,251410,3.98E-06,0,0,0,16232,0,0,0,34590,0,0,0,10080,0,0,0,18394,0,0,0,21648,0,0,1,113720,0,0,0,6134,0,0,0,30612,0,0
9,36229087,c.1094T>C,p.Val365Ala,rs1190772880,A,G,gnomAD Exomes,,,Homozygous disease causing,PASS,NA,ENST00000396594.3,p.Val365Ala,p.Val365Ala,c.1094T>C,missense_variant,,,,1,251412,3.98E-06,0,0,0,16252,0,0,1,34590,0,0,0,10078,0,0,0,18392,0,0,0,21648,0,0,0,113710,0,0,0,6128,0,0,0,30614,0,0
9,36223408,c.1466C>T,p.Ala489Val,rs1330656674,G,A,gnomAD Exomes,,,Homozygous disease causing,PASS,NA,ENST00000396594.3,p.Ala489Val,p.Ala489Val,c.1466C>T,missense_variant,,,,1,251414,3.98E-06,0,0,0,16238,0,0,0,34590,0,0,0,10080,0,0,0,18394,0,0,0,21646,0,0,1,113720,0,0,0,6134,0,0,0,30612,0,0
9,36227244,c.1374+1G>A,,rs757251536,C,T,gnomAD Exomes,,,Homozygous disease causing,PASS,NA,ENST00000396594.3,c.1374+1G>A,,c.1374+1G>A,splice_donor_variant,,,,1,251416,3.98E-06,0,0,0,16246,0,0,0,34584,0,0,0,10076,0,0,0,18394,0,0,0,21648,0,0,1,113724,0,0,0,6136,0,0,0,30608,0,0
9,36229022,c.1159C>A,p.Pro387Thr,rs1457585618,G,T,gnomAD Exomes,,,Homozygous disease causing,PASS,NA,ENST00000396594.3,p.Pro387Thr,p.Pro387Thr,c.1159C>A,missense_variant,,,,1,251420,3.98E-06,0,0,1,16256,0,0,0,34592,0,0,0,10078,0,0,0,18392,0,0,0,21648,0,0,0,113716,0,0,0,6128,0,0,0,30610,0,0
9,36229017,c.1163+1G>C,,rs1392462881,C,G,gnomAD Exomes,,,Homozygous disease causing,PASS,NA,ENST00000396594.3,c.1163+1G>C,,c.1163+1G>C,splice_donor_variant,,,,1,251420,3.98E-06,0,0,0,16256,0,0,0,34590,0,0,0,10078,0,0,0,18394,0,0,0,21646,0,0,0,113714,0,0,0,6132,0,0,1,30610,0,0
9,36217563,c.2061C>G,p.Ile687Met,rs772877458,G,C,gnomAD Exomes,,,Homozygous disease causing,PASS,NA,ENST00000396594.3,p.Ile687Met,p.Ile687Met,c.2061C>G,missense_variant,,,,1,251430,3.98E-06,0,0,0,16254,0,0,0,34578,0,0,0,10080,0,0,0,18392,0,0,0,21646,0,0,0,113732,0,0,0,6136,0,0,1,30612,0,0
9,36227312,c.1307A>C,p.Glu436Ala,rs1419103281,T,G,gnomAD Exomes,,,Homozygous disease causing,PASS,NA,ENST00000396594.3,p.Glu436Ala,p.Glu436Ala,c.1307A>C,missense_variant,,,,1,251436,3.98E-06,0,0,0,16254,0,0,1,34590,0,0,0,10078,0,0,0,18392,0,0,0,21648,0,0,0,113720,0,0,0,6138,0,0,0,30616,0,0
9,36229034,c.1147G>C,p.Gly383Arg,rs1383733907,C,G,gnomAD Exomes,,,Homozygous disease causing,PASS,NA,ENST00000396594.3,p.Gly383Arg,p.Gly383Arg,c.1147G>C,missense_variant,,,,1,251436,3.98E-06,0,0,1,16256,0,0,0,34592,0,0,0,10078,0,0,0,18394,0,0,0,21648,0,0,0,113724,0,0,0,6130,0,0,0,30614,0,0
9,36217460,c.2164G>A,p.Val722Met,rs763775540,C,T,gnomAD Exomes,,,Homozygous disease causing,PASS,NA,ENST00000396594.3,p.Val722Met,p.Val722Met,c.2164G>A,missense_variant,Uncertain significance,1429599,,1,251446,3.98E-06,0,0,0,16248,0,0,0,34590,0,0,0,10080,0,0,0,18394,0,0,0,21644,0,0,0,113736,0,0,0,6138,0,0,1,30616,0,0
9,36219840,c.1904A>G,p.His635Arg,rs754048020,T,C,gnomAD Exomes,,,Homozygous disease causing,PASS,NA,ENST00000396594.3,p.His635Arg,p.His635Arg,c.1904A>G,missense_variant,,,,1,251448,3.98E-06,0,0,0,16256,0,0,0,34592,0,0,0,10076,0,0,1,18394,0,0,0,21644,0,0,0,113732,0,0,0,6138,0,0,0,30616,0,0
9,36227271,c.1348C>G,p.Leu450Val,rs755383201,G,C,gnomAD Exomes,,,Homozygous disease causing,PASS,NA,ENST00000396594.3,p.Leu450Val,p.Leu450Val,c.1348C>G,missense_variant,,,,1,251450,3.98E-06,0,0,1,16254,0,0,0,34592,0,0,0,10080,0,0,0,18394,0,0,0,21648,0,0,0,113730,0,0,0,6140,0,0,0,30612,0,0
9,36217557,c.2067T>A,p.His689Gln,rs1369655917,A,T,gnomAD Exomes,,,Homozygous disease causing,PASS,NA,ENST00000396594.3,p.His689Gln,p.His689Gln,c.2067T>A,missense_variant,,,,1,251456,3.98E-06,0,0,0,16254,0,0,0,34584,0,0,0,10080,0,0,0,18394,0,0,0,21646,0,0,1,113746,0,0,0,6136,0,0,0,30616,0,0
9,36217549,c.2075A>G,p.Asn692Ser,rs765173992,T,C,gnomAD Exomes,,,Homozygous disease causing,PASS,NA,ENST00000396594.3,p.Asn692Ser,p.Asn692Ser,c.2075A>G,missense_variant,Uncertain significance,1346337,,1,251460,3.98E-06,0,0,0,16254,0,0,0,34586,0,0,0,10080,0,0,0,18394,0,0,0,21648,0,0,1,113744,0,0,0,6138,0,0,0,30616,0,0
9,36219856,c.1888G>A,p.Glu630Lys,rs750749076,C,T,gnomAD Exomes,,,Homozygous disease causing,PASS,NA,ENST00000396594.3,p.Glu630Lys,p.Glu630Lys,c.1888G>A,missense_variant,,,,1,251464,3.98E-06,0,0,0,16256,0,0,0,34588,0,0,0,10080,0,0,0,18392,0,0,0,21644,0,0,0,113750,0,0,1,6138,0,0,0,30616,0,0
9,36219856,c.1888G>T,p.Glu630Ter,rs750749076,C,A,gnomAD Exomes,,,Homozygous embryonic lethal,PASS,NA,ENST00000396594.3,p.Glu630Ter,p.Glu630Ter,c.1888G>T,stop_gained,,,,1,251464,3.98E-06,0,0,1,16256,0,0,0,34588,0,0,0,10080,0,0,0,18392,0,0,0,21644,0,0,0,113750,0,0,0,6138,0,0,0,30616,0,0
9,36220015,c.1729A>G,p.Ile577Val,rs763576597,T,C,gnomAD Exomes,,,Homozygous disease causing,PASS,NA,ENST00000396594.3,p.Ile577Val,p.Ile577Val,c.1729A>G,missense_variant,,,,1,251470,3.98E-06,0,0,0,16254,0,0,0,34592,0,0,0,10078,0,0,0,18394,0,0,0,21646,0,0,1,113750,0,0,0,6140,0,0,0,30616,0,0
9,36218234,c.1972C>T,p.Leu658Phe,rs1334469271,G,A,gnomAD Exomes,,,Homozygous disease causing,PASS,NA,ENST00000396594.3,p.Leu658Phe,p.Leu658Phe,c.1972C>T,missense_variant,,,,1,251470,3.98E-06,0,0,0,16256,0,0,0,34592,0,0,0,10078,0,0,0,18394,0,0,0,21640,0,0,0,113754,0,0,0,6140,0,0,1,30616,0,0
9,36220012,c.1732G>T,p.Gly578Cys,rs1306768272,C,A,gnomAD Exomes,,,Homozygous disease causing,PASS,NA,ENST00000396594.3,p.Gly578Cys,p.Gly578Cys,c.1732G>T,missense_variant,Uncertain significance,581094,,1,251470,3.98E-06,0,0,0,16256,0,0,0,34592,0,0,0,10078,0,0,0,18394,0,0,0,21644,0,0,1,113750,0,0,0,6140,0,0,0,30616,0,0
9,36218236,c.1969delC,p.His657IlefsTer17,rs759367907,TG,T,gnomAD Exomes,,,Homozygous embryonic lethal,PASS,NA,ENST00000396594.3,p.His657IlefsTer17,p.His657IlefsTer17,c.1969delC,frameshift_variant,,,,1,251472,3.98E-06,0,0,0,16256,0,0,0,34592,0,0,0,10078,0,0,0,18394,0,0,0,21642,0,0,1,113754,0,0,0,6140,0,0,0,30616,0,0
9,36249237,c.209T>A,p.Phe70Tyr,rs1244828960,A,T,gnomAD Exomes,,,Homozygous disease causing,PASS,NA,ENST00000396594.3,p.Phe70Tyr,p.Phe70Tyr,c.209T>A,missense_variant,,,,1,251476,3.98E-06,0,0,1,16256,0,0,0,34592,0,0,0,10080,0,0,0,18394,0,0,0,21648,0,0,0,113754,0,0,0,6140,0,0,0,30612,0,0
9,36234069,c.923G>A,p.Arg308His,rs1198065155,C,T,gnomAD Exomes,,,Homozygous disease causing,PASS,NA,ENST00000396594.3,p.Arg308His,p.Arg308His,c.923G>A,missense_variant,,,,1,251476,3.98E-06,0,0,0,16256,0,0,0,34592,0,0,0,10080,0,0,0,18394,0,0,0,21648,0,0,1,113754,0,0,0,6136,0,0,0,30616,0,0
9,36219868,c.1876G>A,p.Ala626Thr,rs1172700450,C,T,gnomAD Exomes,,,Homozygous disease causing,PASS,NA,ENST00000396594.3,p.Ala626Thr,p.Ala626Thr,c.1876G>A,missense_variant,,,,1,251478,3.98E-06,0,0,0,16256,0,0,1,34592,0,0,0,10080,0,0,0,18394,0,0,0,21644,0,0,0,113758,0,0,0,6138,0,0,0,30616,0,0
9,36234061,c.931A>T,p.Lys311Ter,rs776955175,T,A,gnomAD Exomes,,,Homozygous embryonic lethal,PASS,NA,ENST00000396594.3,p.Lys311Ter,p.Lys311Ter,c.931A>T,stop_gained,,,,1,251480,3.98E-06,0,0,0,16256,0,0,0,34592,0,0,0,10080,0,0,0,18394,0,0,0,21648,0,0,1,113758,0,0,0,6136,0,0,0,30616,0,0
9,36219870,c.1874T>C,p.Met625Thr,rs1371542714,A,G,gnomAD Exomes,,,Homozygous disease causing,PASS,NA,ENST00000396594.3,p.Met625Thr,p.Met625Thr,c.1874T>C,missense_variant,,,,1,251482,3.98E-06,0,0,0,16256,0,0,0,34592,0,0,0,10080,0,0,0,18394,0,0,0,21648,0,0,1,113758,0,0,0,6138,0,0,0,30616,0,0
9,36249256,c.190A>T,p.Lys64Ter,rs1166912638,T,A,gnomAD Exomes,,,Homozygous embryonic lethal,PASS,NA,ENST00000396594.3,p.Lys64Ter,p.Lys64Ter,c.190A>T,stop_gained,,,,1,251482,3.98E-06,0,0,0,16256,0,0,0,34592,0,0,0,10080,0,0,1,18394,0,0,0,21648,0,0,0,113760,0,0,0,6140,0,0,0,30612,0,0
9,36234012,c.980G>C,p.Cys327Ser,rs745873662,C,G,gnomAD Exomes,,,Homozygous disease causing,PASS,NA,ENST00000396594.3,p.Cys327Ser,p.Cys327Ser,c.980G>C,missense_variant,,,,1,251484,3.98E-06,0,0,0,16256,0,0,0,34592,0,0,0,10080,0,0,0,18394,0,0,0,21648,0,0,0,113758,0,0,0,6140,0,0,1,30616,0,0
9,36218213,c.1993G>A,p.Gly665Ser,rs1417122376,C,T,gnomAD Exomes,,,Homozygous disease causing,PASS,NA,ENST00000396594.3,p.Gly665Ser,p.Gly665Ser,c.1993G>A,missense_variant,,,,1,251484,3.98E-06,0,0,0,16256,0,0,0,34592,0,0,0,10080,0,0,0,18394,0,0,0,21646,0,0,1,113760,0,0,0,6140,0,0,0,30616,0,0
9,36219942,c.1802T>C,p.Leu601Pro,rs775369694,A,G,gnomAD Exomes,,,Homozygous disease causing,PASS,NA,ENST00000396594.3,p.Leu601Pro,p.Leu601Pro,c.1802T>C,missense_variant,Uncertain significance,1441044,,1,251486,3.98E-06,0,0,0,16256,0,0,0,34592,0,0,0,10080,0,0,0,18392,0,0,0,21646,0,0,1,113766,0,0,0,6138,0,0,0,30616,0,0
9,36233982,c.1010G>C,p.Arg337Pro,rs1455785164,C,G,gnomAD Exomes,,,Homozygous disease causing,PASS,NA,ENST00000396594.3,p.Arg337Pro,p.Arg337Pro,c.1010G>C,missense_variant,,,,1,251486,3.98E-06,0,0,0,16256,0,0,0,34592,0,0,0,10080,0,0,0,18394,0,0,0,21648,0,0,1,113760,0,0,0,6140,0,0,0,30616,0,0
9,36219946,c.1798C>T,p.His600Tyr,rs1192552968,G,A,gnomAD Exomes,,,Homozygous disease causing,PASS,NA,ENST00000396594.3,p.His600Tyr,p.His600Tyr,c.1798C>T,missense_variant,,,,1,251488,3.98E-06,0,0,0,16256,0,0,0,34592,0,0,0,10080,0,0,0,18394,0,0,1,21648,0,0,0,113764,0,0,0,6138,0,0,0,30616,0,0
9,36222789,c.1711C>T,p.Leu571Phe,rs1486182201,G,A,gnomAD Exomes,,,Homozygous disease causing,PASS,NA,ENST00000396594.3,p.Leu571Phe,p.Leu571Phe,c.1711C>T,missense_variant,,,,1,251490,3.98E-06,0,0,0,16256,0,0,0,34592,0,0,0,10080,0,0,0,18394,0,0,0,21648,0,0,0,113766,0,0,0,6138,0,0,1,30616,0,0
9,36219955,c.1789G>C,p.Glu597Gln,rs1430621787,C,G,gnomAD Exomes,,,Homozygous disease causing,PASS,NA,ENST00000396594.3,p.Glu597Gln,p.Glu597Gln,c.1789G>C,missense_variant,,,,1,251490,3.98E-06,0,0,0,16256,0,0,0,34590,0,0,0,10080,0,0,0,18394,0,0,0,21648,0,0,1,113768,0,0,0,6138,0,0,0,30616,0,0
9,36219948,c.1796G>A,p.Gly599Asp,rs1419793175,C,T,gnomAD Exomes,,,Homozygous disease causing,PASS,NA,ENST00000396594.3,p.Gly599Asp,p.Gly599Asp,c.1796G>A,missense_variant,,,,1,251490,3.98E-06,0,0,0,16256,0,0,0,34592,0,0,0,10080,0,0,0,18394,0,0,0,21646,0,0,1,113768,0,0,0,6138,0,0,0,30616,0,0
9,36222902,c.1598C>A,p.Thr533Asn,rs1348131480,G,T,gnomAD Exomes,,,Homozygous disease causing,PASS,NA,ENST00000396594.3,p.Thr533Asn,p.Thr533Asn,c.1598C>A,missense_variant,,,,1,251490,3.98E-06,0,0,0,16256,0,0,0,34592,0,0,0,10080,0,0,0,18394,0,0,0,21648,0,0,1,113764,0,0,0,6140,0,0,0,30616,0,0
9,36222866,c.1634T>C,p.Val545Ala,rs1314457092,A,G,gnomAD Exomes,,,Homozygous disease causing,PASS,NA,ENST00000396594.3,p.Val545Ala,p.Val545Ala,c.1634T>C,missense_variant,Uncertain significance,2432210,,1,251490,3.98E-06,0,0,0,16256,0,0,0,34592,0,0,0,10080,0,0,0,18392,0,0,0,21648,0,0,1,113766,0,0,0,6140,0,0,0,30616,0,0
9,36219929,c.1814delT,p.Leu605ArgfsTer69,rs1249494014,CA,C,gnomAD Exomes,,,Homozygous embryonic lethal,PASS,NA,ENST00000396594.3,p.Leu605ArgfsTer69,p.Leu605ArgfsTer69,c.1814delT,frameshift_variant,,,,1,251490,3.98E-06,0,0,0,16256,0,0,1,34592,0,0,0,10080,0,0,0,18392,0,0,0,21648,0,0,0,113768,0,0,0,6138,0,0,0,30616,0,0
9,36222887,c.1613C>T,p.Thr538Ile,rs781142720,G,A,gnomAD Exomes,,,Homozygous disease causing,PASS,NA,ENST00000396594.3,p.Thr538Ile,p.Thr538Ile,c.1613C>T,missense_variant,Uncertain significance,2061470,,1,251492,3.98E-06,0,0,0,16256,0,0,0,34592,0,0,0,10080,0,0,0,18394,0,0,0,21648,0,0,1,113766,0,0,0,6140,0,0,0,30616,0,0
9,36222836,c.1664C>A,p.Ala555Glu,rs764698870,G,T,gnomAD Exomes,,,Homozygous disease causing,PASS,NA,ENST00000396594.3,p.Ala555Glu,p.Ala555Glu,c.1664C>A,missense_variant,,,,1,251492,3.98E-06,0,0,0,16256,0,0,0,34592,0,0,0,10080,0,0,0,18394,0,0,0,21646,0,0,1,113768,0,0,0,6140,0,0,0,30616,0,0
9,36219901,c.1843C>T,p.His615Tyr,rs1233831383,G,A,gnomAD Exomes,,,Homozygous disease causing,PASS,NA,ENST00000396594.3,p.His615Tyr,p.His615Tyr,c.1843C>T,missense_variant,,,,1,251492,3.98E-06,0,0,0,16256,0,0,0,34592,0,0,0,10080,0,0,0,18394,0,0,0,21648,0,0,0,113768,0,0,0,6138,0,0,1,30616,0,0
9,36222813,c.1687A>G,p.Lys563Glu,rs753313170,T,C,gnomAD Exomes,,,Homozygous disease causing,PASS,NA,ENST00000396594.3,p.Lys563Glu,p.Lys563Glu,c.1687A>G,missense_variant,,,,1,251494,3.98E-06,0,0,0,16256,0,0,0,34592,0,0,0,10080,0,0,0,18394,0,0,0,21648,0,0,1,113768,0,0,0,6140,0,0,0,30616,0,0
9,36222881,c.1593_1618delTAGGACCCCCCTTTCTGACACTTTGC,p.Arg532SerfsTer8,rs751302642,TGCAAAGTGTCAGAAAGGGGGGTCCTA,T,gnomAD Exomes,,,Homozygous embryonic lethal,PASS,NA,ENST00000396594.3,p.Arg532SerfsTer8,p.Arg532SerfsTer8,c.1593_1618delTAGGACCCCCCTTTCTGACACTTTGC,frameshift_variant,,,,1,251494,3.98E-06,0,0,0,16256,0,0,0,34592,0,0,0,10080,0,0,0,18394,0,0,0,21648,0,0,1,113768,0,0,0,6140,0,0,0,30616,0,0
9,36222881,c.1619A>G,p.His540Arg,rs751302642,T,C,gnomAD Exomes,,,Homozygous disease causing,PASS,NA,ENST00000396594.3,p.His540Arg,p.His540Arg,c.1619A>G,missense_variant,,,,1,251494,3.98E-06,0,0,0,16256,0,0,0,34592,0,0,0,10080,0,0,0,18394,0,0,0,21648,0,0,1,113768,0,0,0,6140,0,0,0,30616,0,0
